Unnamed: 0,uid,speakerid,replyid,utterance,offensive,target
304,1.0,3567791464,0,你这智商别玩贴吧了,1.0,1.0
321,5.0,889986903,705421211,一直逆行？你在想屁吃，逆行一点就行了还一直逆行交警不逮你啊,0.0,0.0
368,3.0,17596404017710,0,高中有名分的女朋友谈了7个,0.0,0.0
373,4.0,4149116484,1588810602,我是说致臭的物质一样，谁说真放了，你别的东西不能产生粪臭素，只有你能？,0.0,0.0
312,9.0,4169530874,0,东北人是这样,1.0,2.0
326,1.0,3080567564,0,我靠！！！！真不错,0.0,0.0
397,0.0,1092777921,-1,我跟你做了情侣做的事情不等于我和你是情侣,0.0,0.0
416,0.0,1444163695,-1,他是南工的，南工的同学有福了,0.0,0.0
495,7.0,4863681601,0,你喝多了？脑子不太好使,1.0,1.0
355,4.0,1596881181,0,送你个 der 若只，这是前天的事，还在送路上，送了三天吗？,1.0,1.0
254,0.0,457739587,-1,别扯什么这个之行那个之行了，我们更想了解一下，情伤,0.0,0.0
469,0.0,1236382911,-1,支持水鬼找室内抽烟和外放抖音的同归于尽，早该414了,1.0,2.0
459,3.0,3503628279,0,好骂,1.0,2.0
308,2.0,185951135,0,这女的袭警不判个几年,0.0,0.0
291,2.0,2068668977,2092639174,攻击性有待提高,1.0,1.0
255,0.0,1585629685,-1,这是南山后海CBD实拍。深圳不像广州，集全市之力打造最大的珠江新城CBD，确实很漂亮。但深圳的高楼分散在各个区域，很多区域都不比福田差，福田的存在只是为了一个市中心名义而已,0.0,0.0
279,1.0,5819364988,0,太直接，不如楼上攻击性强,1.0,2.0
423,7.0,2056559809,3498011556,首先，你觉得国产手机的零部件国产化比苹果多很多？就算多很多，增值税下降他们不是受利最大的？不应该更降价？你是不是孬子不好。,0.0,0.0
318,4.0,1412389506,1349260505,有没有种可能，人家根本不在意到底谁多谁错，这两人都堵着道了。你要是跟在后面我看你会不会急着让他俩别闹事赶紧走人。,0.0,0.0
279,7.0,2388754604,1137339124,只准男的厕所**，不准女的厕所抠豆,1.0,2.0
317,3.0,391297784,0,这么会,0.0,0.0
281,6.0,5621286249,6522846680,哈哈哈哈哈人才,1.0,2.0
362,0.0,807961790,-1,小学老师？这打扮？这车？这年龄？,0.0,0.0
391,4.0,6077633248,2977834410,呵呵，我在航吧被骂口，在口吧被骂航，两边一样扣帽子，那边说两句，就说我是1450，这边说两句，我就成了没出社会的学生,1.0,2.0
399,1.0,2728225813,0,可问题是没证据证明法官拉偏架，微博上说房子判给女方，我发的东西里是说法官在确认男方所有权的情况下驳回男方诉求。,0.0,0.0
385,6.0,3235397343,6546573012,目田神神是什么啊，老哥,0.0,0.0
355,0.0,834818038,-1,不信谣，不传谣，伤者情绪很稳定正在送往医院的路上,0.0,0.0
428,2.0,2388113873,0,牛顿：刚刚谁跳远的时候踩了下我棺材板？,0.0,0.0
394,3.0,6520367320,0,对的真好，甚至上下联有联系,1.0,1.0
502,5.0,4994112645,0,一方面享受着骂人的快感，又不许别人骂人，这就是你！,0.0,0.0
333,5.0,3588290809,0,怎么哪里都有这b洞洗,1.0,1.0
478,2.0,301278486,320693878,那是人打完了打扫战场的视频,0.0,0.0
290,3.0,816759585,3546082049,赞美苦难，赞美无私奉献，是这个星球上最大的谎言,0.0,0.0
338,7.0,796870073,0,店主是你叠,1.0,1.0
440,7.0,877960944,1221252616,考450我早踏马家里蹲了就楼主这dinner还敢出来吹,1.0,1.0
303,6.0,1835057847,0,敌人越是指责我，说明我做对了； 敌人都赞扬我，说明我确实做对了； 敌人都不说我，说明我做对得让敌人都无话可说。,0.0,0.0
324,2.0,164133206,0,什么开团？,0.0,0.0
501,0.0,6345331943,-1,绿牌dinner别急，某些新闻学蛀虫看到舔字又急了,1.0,2.0
328,1.0,2673529179,1427628639,你自己试试油和水倒出来的区别,0.0,0.0
397,7.0,2269708199,1843320416,什么小仙男,1.0,1.0
379,10.0,2692686153,0,不值得，没必要,0.0,0.0
279,6.0,2476276873,3912739870,什么机械制品,0.0,0.0
400,1.0,2829058696,0,热知识，杜甫晚唐,0.0,0.0
502,8.0,1670167156,4994112645,？发你大坝,1.0,1.0
386,5.0,933259511,0,就这聊天，一眼大小号,0.0,0.0
261,3.0,2845626449,5157373730,你叫不醒一个人。,0.0,0.0
257,10.0,6368205124,2092152596,勾东溪和本贴痛批瑙坛钕一个类型的捏,1.0,1.0
269,10.0,1311960198,547257474,有点狠了兄弟,0.0,0.0
316,1.0,5805185995,0,我支持，但是我也想躺着赚钱,1.0,2.0
352,10.0,1094095548,2570140821,知道现在的三防工程什么标准吗？做个头盔别说吊车百吨压顶不带砸个坑的,0.0,0.0
389,1.0,1966393429,5669852761,农都碰瓷重庆不是更逗,0.0,0.0
263,8.0,2812995242,1502385639,所以你会给自己开药？,0.0,0.0
413,7.0,85964545,3071345401,看你这理解力我也能理解为啥国家不宣传游戏了，都成你这样魔怔人那国家算是完了,1.0,1.0
432,2.0,4081987383,0,我高中时就看到视频要男的上交全部工资，还说法律规定（断章取义），我以为评论会有反驳的，结果评论全是赞同。我妈给我看的视频，我还说这样有几个男的愿意结婚，现在才发现我当年对这个世界的了解还是太片面了。,0.0,0.0
480,4.0,5089734486,0,看了眼IP，意满离,1.0,2.0
482,5.0,1064792346,0,弱质专用,1.0,1.0
423,5.0,6009477829,6409372826,本来就是,0.0,0.0
411,3.0,17596393562270,6321749886,重开吧农p,1.0,1.0
296,1.0,3472631798,0,碰上硬茬可能挨打了,0.0,0.0
455,3.0,6372760267,2151687391,那你太惨了，我高考前一天感觉鼻塞喉咙疼，差点以为要寄了，猛磕药，考试当天起床发现屁事没有。,0.0,0.0
394,1.0,6524641204,0,不愧是绿牌的攻击力,1.0,1.0
376,2.0,5531708064,2508289718,给你砍了吧,1.0,1.0
376,6.0,2599544745,5531708064,我确实没有任何素质，但就你上面的评论来说你要么霸凌过别人要么就是没有爱你的那两位长辈，字我是打不出来了你知道我说的是我的女儿和女婿就好,1.0,1.0
403,10.0,3431491236,0,什么🐢男，你觉得你这样很大度很看得开是吧，但恰恰是对人家最大的不尊重,1.0,1.0
420,2.0,6443018101,0,妈的，你才是真脑瘫，有的是，还发这个是吧？🤣👉🏻🐶,1.0,1.0
440,4.0,3003211120,1606971929,你是真的逆天，算命的跟你说你对象身边异性很多你就信了是吗？你。。。。怎么考上的大学？,1.0,1.0
334,0.0,334136450,-1,给你500都多了,0.0,0.0
296,2.0,2895353696,0,傻*,1.0,1.0
262,3.0,913060008,0,希望你下次去医院查出来大问题捏,1.0,1.0
257,7.0,1458727672,2092152596,七级给你半步黄牌叠磕一个,1.0,1.0
430,2.0,4130476514,0,借楼，富哥v我50， 不v我只能说你秀你痳了个1β呢,1.0,1.0
315,3.0,2062741928,410967812,错哪了？下头男也配说话？玩你原神去,1.0,1.0
485,2.0,5030681697,0,父母对自己拳打脚踢的时候怎么不想，他们自己都不在乎，我为什么要在乎,0.0,0.0
260,8.0,1151391072,1454297091,你的纯度很高，弱智吧适合你，犯人都有知情权，病人花钱看病以后还不知道自己是什么病是合理的？,1.0,1.0
331,8.0,1323766576,1494489166,用水灭锂电池？,0.0,0.0
288,5.0,4149917753,1137339124,这种**玩意，你敢娶？,1.0,2.0
341,3.0,2708099623,0,刚进来就被骂了捏,0.0,0.0
328,3.0,4390758299,1427628639,你说了啥,0.0,0.0
255,2.0,1585629685,593212109,自己去查查广州深圳哪个城中村多点，好好讲话，不要喷粪,0.0,0.0
351,6.0,964020712,1308261456,我洗什么？人家出钱建大学，你出钱建什么？仇富呗，只要谁比你有钱就要捐出去是吧？,0.0,0.0
379,8.0,675548068,90529416,视频里有多少人不用管，逮着几个跑得慢的砍，能砍几个十几个，都是老头老太婆，乱杀,1.0,2.0
293,9.0,3910890872,4904098421,这楼里都是什么若至东溪？还是说自己家里太落后了没见过电梯和楼层夹角的挡牌,1.0,2.0
259,5.0,5978587778,0,有没有可能人家边问情况，边开检查，血和片子的报告诊断都在电脑里啊。看病仔细慢了要被说，看病快了也要说有些人就是难伺候啊。,0.0,0.0
438,8.0,917754712,0,你🪵私了 天天需要几把呢 别恶心人,1.0,1.0
265,7.0,1399686568,928961325,毕竟是去看病的不是别的解释一下还是有必要的,0.0,0.0
294,0.0,3924200497,-1,那个啥笔女人，居然用手拉孩子，,1.0,1.0
383,2.0,250855123,0,最起码不会教育出来像你这样的后代吧，带什么节奏呢，个人行为都要上升到人家后代身上了，你是什么水生生物带出来的呀,1.0,1.0
281,2.0,864968816,952190701,黄鳝都敢玩怕这区区一两寸？,1.0,2.0
277,7.0,4388449641,4458013287,玩你的小红书去 司玛东西,1.0,1.0
406,5.0,6555637332,0,好强的攻击力,0.0,0.0
460,4.0,3482750137,1332113364,注意米线,0.0,0.0
350,5.0,4706786136,3027540135,你是什么玩意，老子是跟你说吗,1.0,1.0
385,4.0,1580143529,0,为什么问一堆唐氏儿啊,1.0,2.0
447,5.0,4938724090,6538525297,那就纯纯逆天了，很难想象是什么🧠让电梯门外的人关门,1.0,1.0
470,3.0,238272768,2926389751,长见识了，第一次听说哎,0.0,0.0
463,2.0,2253848566,3491892952,有一说一，滔博不错了，至少这个阵容上限是有的，下限也不错，不签字等着被盗抢啊🤣,0.0,0.0
315,5.0,3507585157,410967812,谁先找事的，沸羊羊差不多得了,1.0,1.0
280,3.0,5480067863,0,眼睛别要了,1.0,1.0
331,1.0,65375520,0,有没有可能里面是水，不是油。,0.0,0.0
441,1.0,3057409698,1606971929,你抽象的跟个串子似的居然还能站起来攻击人,1.0,1.0
316,6.0,2458154127,0,换成鸡,1.0,2.0
503,4.0,977274681,6542129586,能带上我吗哥 你在旁边看我们嗯,0.0,0.0
326,2.0,4561211549,3080567564,沉这么多楼也能被挖出来吗？真厉害,0.0,0.0
502,3.0,1670167156,4994112645,你是真小丑啊，碰到你这种低智也挺无奈的，在地府混不下去被赶到人间的鬼物，闭嘴吧,1.0,1.0
382,5.0,5964216486,2344270178,是啊，没错，但这跟我有什么关系啊，我甚至也只是看到这个视频才知道有这个事儿，人在家中坐，锅从天上来?这算什么事儿啊，照这么说，中国每个省都有坏人，每年的案件也不少，那是不是证明中国人都是坏比?，这不是地域黑是啥啊?,0.0,0.0
414,7.0,3946032138,0,哪来dinner一点文化都没，还搁这爱拉黑，求求你看点正经新闻，看点历史吧，别天天在这大清大清的，你大清就是思想落后，百姓只知种地，才被西方吊打的。,1.0,1.0
260,2.0,1410696291,1588203596,这个是复诊，在电脑上是可以直接看到他之前的就诊记录和诊断的,0.0,0.0
408,1.0,5035837043,0,直接扣，她受不了的,1.0,2.0
263,5.0,3902816537,1502385639,初诊断是放射科医生写的,0.0,0.0
334,1.0,370411439,3046064238,这都是游戏大神了，你还不让着点他,0.0,0.0
285,1.0,2798186732,0,荤素价格不一样吧,0.0,0.0
388,6.0,5039833676,0,真丑啊,1.0,1.0
296,9.0,985163352,0,哦所以你这是放的什么又臭又长的麻花屁？你可真厉害奥不去评价视频里人的问题跟我在这噗噗噗放屁，真有你的。,1.0,1.0
391,9.0,1198824434,0,两坨极端罢了，还要互相看不起，说对方更臭,1.0,2.0
418,9.0,1096654380,1556490289,能不能滚出江西,1.0,1.0
355,5.0,1255967494,0,你咖喱人情绪也很稳定,1.0,1.0
424,6.0,3911360763,0,每次小红书看到这种评论就想一拳顺着网线把xxn的自贡锤烂,1.0,2.0
265,3.0,1219703726,817399114,？什么时代了能用这个判断，还当十几年前呢。现在出片子的话医生电脑里是立刻就有，拿片子看人多不多，不多很少的话能不到半小时就拿片,0.0,0.0
258,0.0,1045963601,-1,巨婴是真多啊,1.0,2.0
267,8.0,4458745045,6369131968,一棒子打死，我只能说你也差不多。,1.0,1.0
276,0.0,3813675188,-1,录下来 保存好证据 直接找劳动监察大队啊,0.0,0.0
259,0.0,3508872114,-1,因为是兽医啊。哪的医生不都这样么？你进去他不看症状，一个劲在那捅咕电脑。然后就叫你去药局交钱拿药,1.0,2.0
318,5.0,2969381368,0,老仙女也要日,1.0,2.0
261,1.0,5157373730,0,那你别去看病了，不了解现代医疗系统建议别胡说,1.0,1.0
436,6.0,4735480671,4614853305,自裁啊 到了阴间就不用担心蹲号子了,1.0,1.0
447,6.0,1304298383,6538525297,真的这么孬谈。。。不敢相信,1.0,1.0
274,8.0,3455896398,4151459407,什么dinner,1.0,1.0
268,5.0,163047763,2747217112,小仙女没错，警察也没错，错的是制订高速路不能逆行的人。,1.0,1.0
362,1.0,1474830963,0,老师都应该是灰头土脸，没车没房的老东西,1.0,2.0
350,4.0,988823325,4706786136,你是真魔怔了，开个玩笑都看不懂,1.0,1.0
267,0.0,2733299935,-1,国女魅力时刻,1.0,2.0
262,0.0,68115176,-1,我记得以前评论怎么说的？一上来就拍片，ct，b超做个遍。最后发现是个小问题，药房买包药就完事了。医院赚了几千块来着,0.0,0.0
438,5.0,1603063060,0,我感觉她像个单亲妈妈，一边在外打工一边还要照顾你这个没脱奶的娃,1.0,1.0
446,4.0,3942953898,0,这就是黄牌吗，攻击力我认可了,1.0,1.0
317,2.0,2034948319,0,你说话咋一股dinner味,1.0,1.0
453,0.0,963866460,-1,神经病,1.0,1.0
372,3.0,1244556705,0,符合对江西的印象,1.0,2.0
271,0.0,709576777,-1,什么小仙女啊！,1.0,1.0
282,2.0,2451428962,0,男的拘留是吧,0.0,0.0
305,2.0,2457510795,4899046937,打架没出大事大家都爱看看热闹，你看那警察被打的时候 群众马上就扑上去了。,0.0,0.0
469,1.0,3282570746,0,咋了，就外放，有种你过来当面跟我说啊，每次坐车都外放，也没人敢当面让我小点声，你们这些在网上闹麻了,1.0,1.0
356,1.0,3480650647,0,那就别留下评论,0.0,0.0
402,3.0,3509690872,0,滚，跟个弱智一样,1.0,1.0
264,5.0,195060295,0,你拍个照片，医生这边能看到你的照片，然后专业（影像科）有人根据你的照片写一段文字，对你的照片进行描述。专科的人对自己专业的片子可以只看片子不看报告，甚至可以对报告进行纠正，这就叫专业。这也是报告单下边说的，仅供参考 的意思,0.0,0.0
502,0.0,1670167156,-1,牛魔的你被说破防了来贴吧找存在感是吧，纯dinner，心理承受能力还没你那皮炎大,1.0,1.0
343,3.0,2880930714,0,你不是女孩子,0.0,0.0
407,1.0,2033235695,0,nm个小丑，死远点，幻想上了是吧？byd,1.0,1.0
264,2.0,6091745483,968046346,视频里那个男的不是说了医生连老太太腿什么毛病都没说就开药了呢,0.0,0.0
304,7.0,1734041732,0,你可能连脑子都没有，去抖音快手吧那边和你一样无脑之人很多,1.0,1.0
262,7.0,3885528978,170968310,呵呵，癌症和肠炎都分不清，说明医生没有水平，学医的还有很大进步空间，不是你乱开检查的借口。,0.0,0.0
479,5.0,6524139970,0,舔舔word new new,1.0,2.0
400,7.0,6513101567,2829058696,要是晚唐这种社会还能活一百年那真的是奇迹,0.0,0.0
364,3.0,2537251601,1137339124,现实中***b一句地域黑的话吗？可怜虫,1.0,1.0
468,0.0,6317915344,-1,我同意，s8那年skt没进世界赛，所以大飞不如大师，所以S13大师就能夺冠,0.0,0.0
480,0.0,5994968506,-1,受不了了🥵，真的受不了了！牛至，我要🔒牛至！😭牛牛，没有你我怎么活啊😭，快给我🐮🐮，玛德不管了，直接开嗦，你们一个也跑不掉，我直接大吼一声扑向牛至，不管是白牛至还是黑牛至，只要是进囗的洋牛至我都🔒，大牛至，小牛至，老牛至，嫩牛至，都是我要🔒的牛至，我TM直接🔒🔒🔒🥵,1.0,2.0
457,10.0,912205830,1729454464,重庆的轻轨路线真的是地狱难度，一路上要转4/5车,0.0,0.0
347,7.0,664742475,0,上海南蛮子说话是这个泌阳的,1.0,2.0
372,9.0,2800022738,0,虽然我不知道有马加奈是谁，但我觉得你一定是他的弟弟没嘛加奈,1.0,1.0
299,2.0,17054852,1820506587,我家小孩3岁。她只听她妈的话，不听我和外婆的话，而且她打我和外婆。为啥，因为她妈真敢打她。越打她，她还是越喜欢她妈。我和外婆舍不得打她，她反而不尊重我们。,0.0,0.0
280,2.0,4680291539,0,笑死了,0.0,0.0
488,7.0,1380484924,0,阿旺，养活整个福建的大土豪。。莆田鞋的创始人,0.0,0.0
284,1.0,4534209567,5008925132,戾气这么重啊，你是食堂老板还是食堂老板养的狗啊,1.0,1.0
399,7.0,6396008566,2728225813,不是嘛，xxn说你xsr你就xsr了，蒸馍你不扶器,1.0,2.0
266,7.0,3545007750,0,和口音有什么关系?人家就是想知道他母亲身体如何，那医生什么也不说明就开药谁不生气?,0.0,0.0
454,0.0,6372760267,-1,大家快来水,0.0,0.0
335,6.0,4879009256,3887418784,外卖的外卖的，你有多高贵，还不值得信任！，讲道理讲不通就开始秀高贵了是吧，遛狗不牵狗绳的高贵是吧,1.0,1.0
282,3.0,1474743110,0,搞不好男的进男厕都要被拘留,0.0,0.0
506,0.0,1371461207,-1,怎么说呢，至少这个xxn真的是有一套房子，虽然不犯法，但是道德上真的很膈应人，就好像这个人，完全不是为了爱情去恋爱，更像是做生意，但是又好像，现在的爱情本质上就是一门生意，也是没办法,1.0,1.0
506,5.0,868674606,6355203705,不构成,0.0,0.0
264,9.0,481796477,6091745483,复诊,0.0,0.0
257,0.0,5433913230,-1,好……强！,0.0,0.0
435,0.0,5698885912,-1,你是小仙男？跟xxn一样看见国外好的就非得评论区犯个🗡️,1.0,1.0
462,2.0,1981814865,0,滔搏卖的哪个牌子的👟？,0.0,0.0
305,1.0,568424782,0,乐子人,0.0,0.0
340,6.0,3478565502,189292668,谁家大人敢让这么大的狗离孩子这么近？,0.0,0.0
408,0.0,5679975900,-1,别急着嘲讽了，支点招啊，比如怎么聊起来啥的,0.0,0.0
443,2.0,580326391,0,你个five苦什么？高考几百分啊，还好意思叫苦,1.0,1.0
254,4.0,494192699,0,有啥好说的，不就是一个绿字吗，这年头谁头上不长点草啊,0.0,0.0
423,8.0,2056559809,3498011556,想半天想不通你的🐶💩逻辑,1.0,1.0
386,4.0,4904608127,0,guo南可以爬了,1.0,1.0
387,2.0,1942808348,0,低能东西，聊天框发又不发，故作玄虚给你木看吗,1.0,1.0
403,0.0,5988730035,-1,说实话我不期待她说我也喜欢你什么之类的话，我觉得真喜欢一个人没必要一定在一起，希望她过得更好才是真的爱,0.0,0.0
263,7.0,2082646884,0,查一下复诊是啥，复诊没事的话按常规走流程就行了，没啥好交代的，该说的初诊的时候就说了，你有问题的话就问啊,0.0,0.0
493,6.0,4121928714,0,你个小东西行不行我一只手把你头拧下来,1.0,1.0
336,8.0,928305634,19372125,也不是太小，差不多高中的时候授课回来路上的事儿,0.0,0.0
432,3.0,3815544948,0,为了让男女有资格对立，没这帮闲哥们就是女强男弱了，男性立场只会越来越惨哪还来的对立。,0.0,0.0
379,7.0,4482106863,0,早被抓了你，东西没了，还要陪医疗费呢,0.0,0.0
348,8.0,4881956907,829834216,哪个官方，能发给我看看么gu儿？,1.0,1.0
402,7.0,1926509519,0,什么龟楠,1.0,1.0
410,1.0,2707812399,0,该,0.0,0.0
451,10.0,2003851174,0,我之前在厂里有这种的，平时一天4个，4*21=84，周末全算加班，8*12=96，这就是180了，还剩个工作日或者周末再加4或者12，平时有时候再多混点，上200的有很多,0.0,0.0
472,1.0,3901195547,0,xun心态肯定是最好的，一直笑嘻嘻的，还被传了这么多年打假赛,0.0,0.0
301,9.0,1427003196,1165106641,你怕不是个弱智，视频能看得懂吗？视频内容是小孩一直在大声嚷嚷影响到别人，注意不是哭，然后别人提醒家长管教一下孩子，结果家长非但没有一丝歉意，还撒泼耍无赖甚至诅咒别人，,1.0,1.0
470,0.0,2926389751,-1,369是会抽烟 上次有和朋友吃饭他说369他初中同学 染了个红毛在那走廊抽烟以前（和一群苗民一起）,0.0,0.0
413,4.0,3071345401,0,学ZZ学傻了？,1.0,1.0
448,5.0,730922408,0,和身边的人说，身边一堆人，谁知道是和谁说，而且音量也不小，下了电梯都能听到。,0.0,0.0
265,10.0,264948237,817399114,现在医院拍普通CT一般半小时至一小时，就开始在自助终端机拿检查报告跟打印片子，自己的手机上有医院公众号的话，能提前十几分钟知道检查报告。这些检查报告片子是自己留着的，医生一般都不看的直接看电脑备份的,0.0,0.0
337,3.0,3641559541,901052470,几百块钱的东西让人家赔5万 确实少了 应该赔50万，好给你父母买几口管才,0.0,0.0
448,6.0,1145678830,6538525297,就算是这样 旁边人也不会像你这么想 因为 叫电梯外面人关电梯门的存在 一般人理解不了 狗叫你理了就输了,0.0,0.0
353,6.0,6481093333,2223425179,这么大广告牌掉下来肯定是发生巨响，在这种情况下你不做一点规避动作，还是说bgm蒙蔽了你的双眼,0.0,0.0
260,0.0,6331137594,-1,是不用看的，片子拍过直接就传给给你接诊的大夫了。,0.0,0.0
356,9.0,5840121027,0,评论霓马,1.0,1.0
420,1.0,5026370243,0,这是真的，脑瘫儿,1.0,1.0
279,2.0,5891618773,0,不过有一说一，女生上厕所是真的慢，无论什么地方，排队的总是女厕,0.0,0.0
269,8.0,733641925,0,这些人脑子有病吧,1.0,2.0
385,8.0,3367568249,3886424675,白左怎么就跟自由派画上等号了,0.0,0.0
297,6.0,91467297,6053083318,傻A与C，你注定没孩子，哈哈哈,1.0,1.0
469,4.0,1083331052,3282570746,真是缺缺又德德啊,1.0,1.0
391,5.0,2977834410,6077633248,我看航吧好像凶一点，口吧反驳一下 就阴阳怪气一下 航吧大概率开喷了,0.0,0.0
484,6.0,6535744452,0,男同不喜欢这种 喜欢八块鸡肉的,0.0,0.0
439,0.0,1606971929,-1,呜呜呜呜呜呜呜呜哇😭😭😭😭😭😭😭😭😭😭😭😭😭😭😭😭😭😭😭😭😭😭😭😭😭😭😭😭😭😭😭😭😭😭😭😭😭😭😭😭😭😭😭😭😭😭😭😭😭😭😭😭😭😭😭😭😭😭😭😭😭😭😭😭😭😭😭😭😭😭😭😭😭😭😭😭😭😭😭😭😭😭😭😭😭😭😭😭😭😭😭😭😭😭😭😭😭😭😭😭😭好绝望啊啊啊啊啊啊啊啊啊啊啊啊啊啊啊啊啊啊啊啊啊,0.0,0.0
454,5.0,2675237077,4506427800,确实说的没错，但不是所有中学都是衡水模式。当我知道表弟那学校初中就能搞表白墙，下课时可以拿手机订外卖的时候我人傻了,0.0,0.0
415,4.0,6442310058,6442310058,天天发烦不烦，纯纯的小丑,1.0,1.0
255,4.0,1585629685,593212109,珠新就是广州的门面，就相当于陆家嘴，相当于曼哈顿。但以福田的体量还是高楼来说，都完全不可能是深圳门面，随便一个前海或者科技园体量都能比福田大,0.0,0.0
305,0.0,4899046937,-1,起哄的什么心态？？？？？完全没懂,0.0,0.0
339,0.0,2990176550,-1,人家秦始皇都不急你急什么？,0.0,0.0
283,2.0,878278153,3250960865,不至于吧,0.0,0.0
359,2.0,5221537581,0,蠢东西就是蠢东西 非要说点啥显摆自己 贴吧你以为是给国家军官看的呢 还不是给我们这种人打发时间的 你呢就不一样了 想看又觉得不好看 真是shg啊,1.0,1.0
299,1.0,1820506587,0,3岁小孩打骂，你是**吗,1.0,1.0
363,6.0,4651396195,941740650,然后也是寻衅滋事，你的脑回路的确不得了,1.0,1.0
365,4.0,3323984994,580429442,你要是少✌🏻那你说的就对，不是那你就是纯种dinner,1.0,1.0
466,3.0,6008967450,1309007264,00年的23了不年轻了。s6就开始打的这么多年了,0.0,0.0
404,5.0,5519654732,3537550458,贴是不看完的，人是偌智的，脑容量是不够的，犬吠是要喊两声的，人家楼主写的清清楚楚你跟个低螚一样选择性看不见，你这种狗脑子能不能速速重开啊🤣🤣🤣,1.0,1.0
307,5.0,3487373085,560488440,ip正确，言论正确，性别正确！结案,0.0,0.0
424,2.0,3494556080,5953696038,大爷大妈：,0.0,0.0
466,0.0,3506109515,-1,不买左手的话其实还行，现在左手应该是华子里最贵的吧，而且应该遥遥领先于其他高价格华子，中单这个位置现在可是紧俏位置，他一个人能顶好几个中上价格的华子了,0.0,0.0
396,2.0,6521853762,0,支持,1.0,1.0
369,4.0,6021345314,0,指责提出问题的人，你也是个晚餐。,1.0,1.0
312,7.0,4159074615,0,没脑子是你这样的,1.0,1.0
344,3.0,3478086551,0,细说黑,1.0,2.0
488,9.0,2170715879,6407333520,你不能乱说啊，嫌少可以不去的，不去有的是人去,0.0,0.0
357,1.0,2812928057,0,好多早餐店为了省钱，会用这玩意儿,0.0,0.0
343,6.0,4325059739,2532032339,别骂了，别骂了,0.0,0.0
317,0.0,6366016255,0,lz好会,0.0,0.0
400,2.0,1593908741,2829058696,杜甫死后过了100多年唐朝才灭亡，晚唐是吧,0.0,0.0
338,0.0,6033186680,-1,P事真多，秦始皇是你叠？,1.0,1.0
456,5.0,6429208456,2340724663,学校里垄断那就去校外，快递点又不是几公里就它一个,0.0,0.0
474,2.0,3559303450,0,行尼木呢，大飞名场面地图都放不下,1.0,1.0
392,9.0,2685672522,1591453571,我对口吧的刻板印象就是你说的这个,1.0,2.0
376,7.0,2599544745,5531708064,反正都是图一乐，骂爽了我开心就行，素质啥的留给有脑子的人就好,1.0,1.0
297,5.0,91467297,245231597,比你强，起那个2名。,1.0,1.0
335,0.0,6096836459,-1,狗主人不是人，,1.0,1.0
444,2.0,5700088631,5504924028,？我现在在南昌，和南昌确实差不多啊，你阴阳鸡毛啊,1.0,1.0
296,6.0,4592995442,0,你要真这么说绝对会处于劣势,0.0,0.0
370,1.0,946380838,0,那为什么其他人不受干扰，就你受干扰呢？,0.0,0.0
349,4.0,1277324811,2679520335,黄小鬼还玩我家哥哥的梗，落幕的神也不是你能玷污的好吧,1.0,1.0
343,2.0,1093094603,0,两万君，请和我交往,0.0,0.0
377,1.0,6012162949,0,80后怎么你了,0.0,0.0
371,6.0,2192590132,0,用你的假耳机别碍着爷，爷就是显爷就是高贵，你就是贱懂了吗贱民,1.0,1.0
444,3.0,5700088631,5504924028,那个二线城市还没有点高楼大厦了？,1.0,1.0
438,0.0,1606971929,-1,呜呜呜呜呜呜呜呜呜X﹏XX﹏X你该死啊,0.0,0.0
444,0.0,5700088631,0,还好，二线城市的样子,0.0,0.0
420,8.0,5026370243,0,回复 脸皮特别厚hhh :电视台链接发给你了，装瞎？,1.0,1.0
439,5.0,861617327,2235308725,哈哈有被笑到我看着这种都烦,1.0,1.0
459,0.0,4586621528,-1,xxn喜欢,1.0,2.0
406,7.0,2554596623,4313315671,见血了，见血了,0.0,0.0
465,7.0,2487073095,2732274301,成绩好就不会踢，今年成绩不行，就把马老踢了,0.0,0.0
468,4.0,2461205728,927140543,就是五处你能怎么样？,1.0,2.0
404,4.0,3537550458,5519654732,偌智？家里人逼他不上学上班了？家里人逼他蹲子了？家里人逼他闹了？,1.0,1.0
360,0.0,4063654947,-1,自己整个报纸贴上不就行了吗？我们以前上学都这样，哪有什么窗帘给你,0.0,0.0
262,1.0,1613140832,0,不给你做检查上来给你开药，万一你有症状不说，或者误诊了，你到医院一闹，20多年考的执业医师直接吊销，这样的事情发生的太多了，不在这个行业你是能说风凉话,0.0,0.0
397,8.0,4899032584,1843320416,为啥你还不4啊,1.0,1.0
352,7.0,1869489682,1094095548,带脑子了吗,1.0,1.0
495,1.0,862710565,0,起诉也得当事人起诉,0.0,0.0
335,4.0,334136450,3887418784,评论里骂的肯定都是送外卖的一点都不讲道理。跟个地皮流氓一样敲诈,1.0,2.0
445,7.0,702191300,0,我嫉妒你的才华,1.0,1.0
260,6.0,1151391072,1454297091,坐牢的人都知道自己犯了什么罪呢,1.0,1.0
267,4.0,2060652199,6369131968,你是日本人？,0.0,0.0
391,1.0,2977834410,0,绝对的，除了喷就是喷，口吧意见不同最多口两句，他们帽子24小时扣在手里的,1.0,2.0
366,4.0,5902909108,5497401624,这不是用二手苹果的未成年乳猪吗,1.0,1.0
464,1.0,6300691342,0,工资不高？ s11打完，回来试训，we开价800w，后面we集体改名就没去成，才去的滔博，最后滔博把卡萨放走，左手降薪，玉玉在自己降了一点才签约下来的，s12的表现，在s13拿到的合同可能都不低于千万，今年又续费了一年，整个lpl打野位除了看片，找不出第二个比玉玉合同大了吧？,0.0,0.0
353,10.0,1096885986,518841255,沙陛,1.0,1.0
402,1.0,3517271498,0,你跟个龟孙一样,1.0,1.0
312,10.0,848716804,0,那没用，主要是把事情闹大的好，假设真自纱了，那就闹的真的非常大了，你想一想，一个男研究生被诬陷，自纱，这新闻多牛比,1.0,2.0
476,0.0,4183461037,-1,这哪是想多结几回婚，这是扣出自信，扣成脱敏了，不让人顶两下就和没溜够一样,1.0,1.0
294,6.0,2736685351,3924200497,显然，你看到那个向后动是因为别人按停了电梯。人家是把孩子扶起来的。,0.0,0.0
299,10.0,1820506587,17054852,无论任何情况对未成年人实施暴力和精神暴力行为均属于违反刑法，监护权只拥有管理劝导权没人打人的权利,0.0,0.0
376,0.0,6384361715,-1,这么小就这么坏？难绷，把这十几个出生打死算了,1.0,2.0
361,2.0,1242418517,0,如果你真是一个好人，你应该v我50的餐费，我快吃不起饭了，就看你做不做了，你不做的话我是不认可的，等你做了再来发表意见，我是同情你的,1.0,1.0
353,4.0,2223425179,163139387,这就是他的命吧,0.0,0.0
492,7.0,3156194221,481835850,你也是个挠惨,1.0,1.0
309,4.0,719738480,582807005,知道你很急，但是你收收味,0.0,0.0
436,1.0,1794246753,0,紫厦,1.0,1.0
432,4.0,5191392089,3513327482,没他们，你已经结扎了，智障,1.0,1.0
426,1.0,586882126,0,年纪都一大把了，能不能别让你家里人总是这么操心,0.0,0.0
332,3.0,239833295,6443221160,冷油泥🐎，睁大你的皮眼看清楚那是油吗？,1.0,1.0
272,4.0,999452568,0,有钱还不简单？以前驾照有钱就能买啊,0.0,0.0
392,2.0,2491518611,5564834475,所以局座现在在哪？b站上好久没看到他发的视频了,0.0,0.0
258,4.0,1230739922,1447343763,别一概而论，有些医生也不是东西，,1.0,2.0
340,3.0,189292668,1906063970,还温文尔雅，笑死人,1.0,1.0
263,2.0,1502385639,2812995242,所以按你的逻辑，医院完全可以省去看诊环节，项目走一遍，等着看看诊断报告就好，这么好的idea得普及呀。舍了多少人工成本，你可真是大聪明。,1.0,1.0
498,4.0,1070222959,0,有考虑去做小男娘吗,1.0,1.0
400,6.0,6469551690,2829058696,是不是以为安史之乱后唐朝就灭亡了？,0.0,0.0
358,4.0,5362599197,2574151383,老坛,1.0,1.0
420,7.0,6353563342,5026370243,网易的鬼扯可就太多了！哪个电视台？,0.0,0.0
492,4.0,1750055785,0,看了下评论的新增回复，不知道谁在嗯嗯啊啊一大串，有点逆天这人,1.0,1.0
385,2.0,2745875519,2232627912,航空母舰吧,0.0,0.0
393,2.0,3010565744,1072544002,对号入座？,1.0,1.0
482,2.0,6022364524,4791301729,你还评价上我了，因为这个是我后来创的号，以前的号被永封了，这个头像是我创好好看见的第一个帖子的发帖人的头像我就直接拿来用了，也一直没换,0.0,0.0
501,5.0,4994112645,6345331943,别急，粪坑黄牌就是你为数不多值得骄傲的东西了吗？好好想想咋赚够你的彩礼,1.0,1.0
312,5.0,1821693600,0,最蠢的办法,1.0,1.0
293,7.0,1314490050,0,别出门就没有安全隐患,0.0,0.0
399,10.0,2728225813,1133945835,有提到过法官因为房子有些问题无法估值因此判决在第三方判定之后再补偿男方。,0.0,0.0
257,6.0,3371312068,2092152596,厕所当家，💩当饭是吧,1.0,1.0
402,4.0,6354181055,0,你真tm龟啊，不会还觉得自己成人之美吧既然这么想，那你又干嘛表白？给自己导管素材库更新？那你win了,1.0,1.0
417,8.0,1609580832,0,十几年前出的事情，现在不是刚好出来了,0.0,0.0
483,3.0,5938656359,6063876091,或许吧，我改😂,0.0,0.0
368,2.0,4992162779,0,直接杀了,1.0,1.0
271,4.0,246298873,214918421,问题是交警吼人家下高速啊，鬼知他不是叫即时调头由交警开路下？正常交警应该叫她上高速不是下高速啊,0.0,0.0
471,0.0,464497473,-1,elk这吊人 从游戏风格到现实都是刚的一批.,0.0,0.0
399,0.0,6396008566,-1,被刀不是活该，拉偏架的你不s谁S,1.0,1.0
406,6.0,4313315671,5679975900,问这个干嘛，你很亲近吗，人家会感觉你管的很多，你就当没看见跟她聊天时她要自己说出来你听着就行，不要有反驳只用嗯嗯然后呢就行。虽然你什么都没说但她会觉得你是个不错的垃圾桶,0.0,0.0
426,3.0,4591238212,895466034,确实，而且看单脚起跳的架势，应该是跳跃类项目出身,0.0,0.0
363,1.0,2743657970,0,前面被撞倒过，这个人应该是想过去扶起来的，所以一开始在车头，但是司机突然踩油门不想着躲先想揍人家是吧。你这脑回路也是挺厉害的,1.0,1.0
311,3.0,850451568,0,这条例只对“高等性别”有用,1.0,2.0
369,8.0,2128088513,0,所以为什么不能“努力工作”买果子全家桶呢,0.0,0.0
386,0.0,3582030363,-1,脑婆说好无聊一定是在等我了😋,0.0,0.0
377,3.0,6012162949,6012162949,我说霸凌后怎么你了,0.0,0.0
323,6.0,2802698521,0,看v看的，说话一股低能味,1.0,1.0
345,6.0,3076093990,1882004519,大学与大学不能一概而论，你知道几所,0.0,0.0
333,1.0,6071194490,6408980232,你瑪思了？天天刷？,1.0,1.0
280,0.0,977991151,-1,是啊门口明明写的个女字咋回事啊,0.0,0.0
343,5.0,6489124836,0,3,0.0,0.0
505,3.0,6379310089,3945231175,就是故意发低智的东西骗评论骗赞引战,0.0,0.0
458,9.0,2833912306,909208518,这个月月初我第一次坐高铁，就是傻傻的排队去机器跟前领车票，但是一路上都是看身份证没有一个人看实体车票，我就意识到了不对劲,0.0,0.0
394,0.0,6406155827,-1,菜刀刀刀刀你m,1.0,1.0
436,2.0,2253591387,0,小头不长脑子就算了，大头还不长脑子,1.0,1.0
480,3.0,4164891066,5994968506,哈人,0.0,0.0
463,5.0,3467144755,580125006,先冲常规赛4强吧,0.0,0.0
366,5.0,5497401624,5902909108,浙江侏儒自曝是这样的,1.0,2.0
401,3.0,1160851999,1356176192,你去了解下抖音多少粉丝能对应多少流量，人家背后过得不知比你好多少倍呢，你还担心起人家嘞,1.0,1.0
381,1.0,1269571360,0,🔥攻,1.0,2.0
265,5.0,928961325,1399686568,我会觉得没事，挺好。一个人讲十五分钟，一个上午50个号，你觉得怎么看？,0.0,0.0
446,6.0,5714944119,0,好骂,1.0,1.0
320,4.0,708265438,65116277,你变道对面有车变逆行道？？？科一白考了？有啥好说的？讲真骂你都恶心,1.0,1.0
396,1.0,3892388528,0,很难不智齿,1.0,1.0
397,5.0,4284418722,1843320416,厨神啊,1.0,1.0
360,5.0,456985074,4063654947,呵呵，保不准以后20后30就能享受到了，才对才对哩,0.0,0.0
368,4.0,2321012995,0,不会真有人没谈过恋爱吧,0.0,0.0
379,9.0,675548068,4482106863,钱都没了，要命干什么，逮住其中一家有小孩的，杀他全家，小孩弄残废故意不杀，痛苦不死他,1.0,2.0
420,5.0,5026370243,0,电视台报道也是自媒体呗,1.0,1.0
499,2.0,3063483347,0,孙吧未来的希望啊,1.0,1.0
431,5.0,915913391,0,将军羚羊是那个暗区主播？,0.0,0.0
359,0.0,1706985815,-1,吹牛逼就吹牛逼，看出来个der的本质,1.0,1.0
463,3.0,580125006,3491892952,jd，blg他也去不了啊，能来滔搏进个世界赛冲一冲四强不错了。,0.0,0.0
356,8.0,4630215685,0,骗别人评价你是吧思抹串子,1.0,1.0
343,0.0,6519426064,-1,我还从来没有和女孩子交往过，我母胎单身啊，这种事完全没有经历过啊，我还怎么办,0.0,0.0
340,7.0,3478565502,0,稍微都点脑子都知道这家大人有病，孩子和狗一起养真是心大，等上厕所回来看见自家狗叼着孩子的脑袋就知道后悔了，永远不要以为你养的狗只是一条无害的宠物，别忘了这同样是一条牲口，野兽。,1.0,1.0
307,7.0,1240265611,0,男的主动打，又得被你们这些牧人说是暴力狂咯,1.0,2.0
284,2.0,4147875400,5008925132,发育不完全的生命体,1.0,1.0
262,5.0,1668808157,1613140832,没有医生敢赌，哪怕赌对了，医院也不会要这种医生的。总会湿鞋。有法可依，但很多时候没有违法必究，有坏的医院，但好医院更是被整怕了。,0.0,0.0
461,3.0,5339203147,0,我想实现社会主义,0.0,0.0
305,4.0,2931616239,0,建议你协助那位微胖的女士把起哄的围观群众全部告进局子,0.0,0.0
300,7.0,5042343650,2390144003,你无脑？三岁多孩子在现代这个社会发育的很好语言沟通已经没什么压力了。还以为七八十年代个个吃不饱呆滞迟钝呢,1.0,1.0
272,2.0,1883987366,6340671127,原来只有我是考的,0.0,0.0
378,2.0,1449538275,0,是这样的,1.0,2.0
471,7.0,2771983342,6410212683,meiko？,0.0,0.0
427,7.0,6552933856,156116340,国足薄纱大学生队没问题。再怎么菜也比普通人强太多,0.0,0.0
424,1.0,5953696038,0,它们不用卫生巾反而还会增加洗车工的就业，让更多大爷大妈们能够发挥余热,1.0,2.0
324,3.0,4135204466,2274158649,每个人的心里都有一团火，路过的人只看到烟。但总有一个人，总有那么一个人看到了这团火。 我踌躇，我忐忑，却还是本能的望向她对她说：今夜月色真美。,0.0,0.0
260,1.0,1588203596,0,这人排了俩小时，而且是复诊，医生都是过目不忘是吧？初诊和复诊起码隔了一个星期，几千号人看完了医生也不是神仙啥都能记住，总该问一下到复诊之前有什么异常状况有没有不适什么的吧？这种开的药就是初诊开啥复诊开啥，医生讲究的望闻问切结果一个都没有我花这么多钱排这么长时间的队就为了买药是吧？,0.0,0.0
412,2.0,5771013996,6321749886,挺好一个女生喜欢你 你给人家挂孙吧，有意思吗？你想表达什么呢？好一个“虽然孙吧嘴臭但三观正”呢。。国楠是这样的,1.0,1.0
358,1.0,2574151383,0,门没关到也会双闪,0.0,0.0
458,1.0,5838233572,0,花里胡哨的,0.0,0.0
491,5.0,4505190136,256348917,石油禁运，西方内部可能就要崩塌了，不过会一步一步的来，应该没有太快,0.0,0.0
285,4.0,2798186732,2096837540,这个前面称了多少钱会记录，然后重置重量再称后面价格不一样的菜。它自己会算价钱。,0.0,0.0
258,8.0,3373751590,1061518614,地域黑？你骂人带上浙江？噢，原来是打游戏的，没事了,0.0,0.0
489,1.0,2439660070,0,过去和现在有什么关系？不都是一次次改善的？,0.0,0.0
333,6.0,6347751117,0,丨出去dinner,1.0,1.0
480,6.0,1958792508,0,哈人,0.0,0.0
431,3.0,2891422484,2650596997,这条件再怎么擦也没人看啊,1.0,1.0
371,4.0,5097187987,2192590132,别人愿意用就用 你评价泥亩呢 显得你了是吧,1.0,1.0
450,2.0,848287784,3499320892,丑人多作怪,1.0,1.0
344,5.0,5537383595,0,楼上全是gn是吧,1.0,2.0
274,2.0,5824032770,4151459407,真tm低能,1.0,1.0
364,4.0,5203416143,3007961222,说的就是你妈啊还有你爹，反正就是一吊长的玩意你还能多高,1.0,1.0
307,1.0,3384921552,0,这种泼妇也能叫女强人是吧？ ……哦等等你是写民国军少爱情文的啊？那没事了,1.0,1.0
336,9.0,19372125,928305634,喝酒的人不招待见，加上你小还不懂事。别把警察想的啥都该管到底，那好歹是公共资源,0.0,0.0
347,5.0,49682812,6463431565,女的好像是老头那伙的，开头吵着让司机下车,0.0,0.0
480,7.0,2160347269,0,坏了，遇到南通魅魔了,1.0,1.0
454,8.0,4506427800,2675237077,卧槽这么爽？,0.0,0.0
342,5.0,4391552606,0,瑙碳,1.0,1.0
301,0.0,1826453911,-1,有些小孩子是很调皮的，想安静就包车啊😱,0.0,0.0
386,1.0,5968864516,3582030363,在看你当小丑,1.0,1.0
353,8.0,4495545537,518841255,阅读理解0分,0.0,0.0
440,0.0,3003211120,-1,你马的你不相信你女朋友你相信算卦的是你马最离谱的,1.0,1.0
327,10.0,896274260,3498648533,你但凡有点常识都知道 自家炒菜锅着火了都是用油去浇灭而不是倒水 要都像你这样倒水早死八百遍了 dinner还不自知,1.0,1.0
265,4.0,1399686568,1399686568,@ab3758650 你个傻狗只会拉黑。祝你次次遇到这样的医生,1.0,1.0
302,7.0,1194647745,125938121,那人民网也太无趣了,0.0,0.0
495,3.0,671504204,805078127,金额太小了,0.0,0.0
370,5.0,946380838,3705541137,有没有可能，苹果用户只有你一个。,0.0,0.0
326,0.0,4561211549,-1,若是你能自由的笑，那就随你喜欢了,0.0,0.0
496,4.0,550007325,0,我觉得它听不懂你这句话,1.0,1.0
263,3.0,2849222906,1502385639,2023年自媒体高度发展的时代，你不会还觉得有三甲医院敢开黑药吧？对西医意见这么大以后长个肿瘤啥的去看中医，直接吃药,1.0,1.0
355,6.0,6425024033,834818038,愿逝者安息,0.0,0.0
444,6.0,5504924028,5700088631,逆天 你真就只知道一个外观就来评价了？,1.0,1.0
496,3.0,2158140021,0,逻辑过于复杂，她听不懂,0.0,0.0
346,6.0,6529874272,6046756798,提示，周时只有贵族能够享受音乐，所以你越崩坏，指的是周朝的统治被动摇和覆灭,0.0,0.0
312,4.0,2619650349,0,啥人没用，风险太大，但是紫砂只要别真紫砂了就是零风险,1.0,2.0
409,5.0,5683525815,0,我qq和vx都没发过动态,0.0,0.0
416,5.0,6103928707,970596686,南工排第五，考的不错啊,0.0,0.0
255,6.0,1570150232,0,珠江新城确实是广州最大cbd，但你说集全市之力打造，就危言耸听了。哪个城市没有一个最大的cbd？逻辑感人,0.0,0.0
300,6.0,5042343650,4574876982,你也是个挠摊，公共场合造成不便首先要道歉然后委婉沟通。三岁多孩子完全能听懂父母语言了，不好好哄任其哭闹做家长的还大声喧哗。,1.0,1.0
286,3.0,4870434075,0,正常牛魔,1.0,1.0
381,2.0,5546663304,2260008545,开放了，你能1打100？对方也有,0.0,0.0
399,8.0,2728225813,1133945835,女方提出男方有暴力行为，拿出被刀砍过的床作为证明，所以使用权給女方了。不知道男方怎么辩解的，也不知道有没有判定女方给男方补偿。这里面问题很大。,0.0,0.0
472,9.0,793777192,0,xun的心态就是在ig，与ts和rk锻炼出来的我ts和rk伟大，无须多言,0.0,0.0
338,8.0,6033186680,796870073,我是你叠,1.0,1.0
505,2.0,3945231175,2491343099,什么是串子？,0.0,0.0
491,9.0,2552828087,3859604357,我不运出来，你控制航道有什么用另外，航道真的是米帝控制吗，我怎么觉得是胡赛控制,0.0,0.0
337,4.0,4063622133,901052470,开口5万还不勒索吗,0.0,0.0
356,6.0,6303064702,0,那你搁这评论泥马呢，***的,1.0,1.0
270,3.0,1679983418,134557900,高等性小仙女是这样的捏，违法自带99减伤,1.0,2.0
361,3.0,3910031286,0,你这种***就是网上那种:你凭什么看见老太太摔跤不去扶她？还得拍个视频？要是我我肯定去扶她,1.0,1.0
451,9.0,2430155553,690765898,别说了别说了,0.0,0.0
283,4.0,6303325564,0,好串,1.0,2.0
292,0.0,2836331376,-1,臭s13，顺风玩成这样，活该！销号吧，真的，纯纯s13,1.0,1.0
491,8.0,256348917,3859604357,你脑子咋长的？石油禁运还需要啥航道？ 不禁运才需要航道~,1.0,1.0
378,5.0,26112,2140991810,入基因里的,1.0,2.0
314,9.0,6459891887,0,别搁这👻,1.0,1.0
418,0.0,4050639011,-1,这三个出生都不图了真牛👍,1.0,2.0
375,6.0,1109054255,0,来我们山师带吧,0.0,0.0
347,6.0,1743753820,6463431565,这女的明显是老头同伙啊，要是他老婆怎么可能叫他下来,0.0,0.0
472,7.0,4811224358,2426304430,应该是当陪玩的时候就练出来了，毕竟bo 小黄人带老板虐菜也不比他差，但还是他当了头牌花魁,0.0,0.0
347,9.0,4623942114,1338843352,我有个亲家，当年问我家要15万，我只给了5万，这都快10年了，压根不还，最近他儿子又过来问我要钱，呵呵，,0.0,0.0
405,4.0,6465543894,0,正确的,1.0,1.0
400,4.0,6527384148,2829058696,你这水平小学生不如，以后还是别来瞎普及知识了😅,1.0,1.0
436,4.0,6491871604,1794246753,智齿,1.0,1.0
504,1.0,6535564429,0,同意,1.0,1.0
315,7.0,4079561442,0,多大点事散了散了,0.0,0.0
256,0.0,1596201780,0,男生照片谁有,0.0,0.0
295,3.0,5796061314,4320771043,他是翔哥,0.0,0.0
409,6.0,2226981116,2404736653,没秀过和不想秀不是一回事,0.0,0.0
414,5.0,2585914314,374156014,郭嘉让你不娱乐了吗？很难想象到底是什么的思想能让你觉得郭嘉应该提倡全民娱乐的，百年前的屈辱还没这么快失忆，靠着娱乐能实现复兴是吧,0.0,0.0
464,6.0,6300691342,927637423,你确实很弱智，你这种弱智，弱智吧都不收。,1.0,1.0
293,5.0,6045505009,0,你用手机扣字的时候手机还会炸呢，确实挺有安全隐患的,1.0,1.0
304,10.0,5032609034,0,自己什么年纪了，目光短浅的要求对方年轻，结婚了不久一样是残花败柳，婚后女人就是老得快！,1.0,1.0
309,6.0,6379242612,582807005,当男性是受害者时，根本就没有受害者；当 女性是受害者时；全体女性都是受害者；当 男性是施暴者时，全体男性都是施暴者；当 女性是施暴者时。她虽然是施暴者，同时也 一定是受害者,1.0,2.0
278,3.0,1053396947,1067128613,绿牌的攻击力我还是认可的,1.0,2.0
363,2.0,941740650,2743657970,我说的是最后两秒镜头，你眼瞎？,1.0,1.0
403,1.0,1046246306,0,别留遗憾,0.0,0.0
471,3.0,893879299,2118402753,牙膏也有 说寄了寄了一直被搞 然后elk也破防说不打了不打了,0.0,0.0
374,0.0,5349924596,-1,猪皮有毛都能洗了啊，恶不恶心,0.0,0.0
500,8.0,4341858113,4994112645,1级就会发引战贴了，给我也指条路呗，有钱一起赚,0.0,0.0
264,10.0,6467001756,968046346,就这脾气还担心老太太，混混爱他妈就不是混混了?,1.0,1.0
374,3.0,5349924596,3832349230,然后呢？你买东西吃到猪毛不恶心吗？这也能洗啊？,0.0,0.0
382,1.0,2833130298,0,名声都是自己争取的，有因有果。虽然说各个省都有坏人。但是，重点是，这个坏人的比例是关键。这都2023年了，这都是什么素质？这群人年轻时，正好在八九十年代，就是这群人把河南名声搞臭了。把不要脸发挥到了极致。,1.0,2.0
385,3.0,676531262,1137339124,脑瘫聚集地,1.0,2.0
451,4.0,690765898,0,一天干12小时，一周一倒班，倒班的那天干16个小时，试用期一小时就是5块钱。这是本地一个大厂的工作时长和薪资！,0.0,0.0
414,3.0,374156014,2585914314,市场不能自由发展？非喜欢国家来干预是吧。我寻思国家不提倡跑外卖，提倡进厂，有多少人听吗？人都是用脚投票的。,0.0,0.0
338,2.0,6010982477,0,搞不好真是你爹,1.0,1.0
479,8.0,1958792508,0,舔我的,1.0,2.0
373,2.0,1588810602,0,什么dinner都搁这冷知识，螺蛳粉就是用螺蛳煮的汤做汤头的粉，有臭味是因为酸笋，不放就是了,1.0,1.0
432,5.0,2214473925,0,没他们你已经被拉去结扎了，dinner👎,1.0,1.0
269,5.0,4951616269,730922408,现在是xxn怀疑你偷看了你就是偷看了，怀疑你xq就是你xq了，等它怀疑我打人我要不真给它俩耳光我就亏了。,1.0,2.0
386,2.0,5633830653,0,刷到你了,0.0,0.0
469,8.0,551086263,3282570746,好纯的剑冢,1.0,1.0
506,1.0,1321881334,0,做生意就做生意，别人指出你不是真心你还不乐意，这就是典型的又当又立。,1.0,1.0
350,8.0,988823325,4706786136,对你为啥要有意见，纯看小丑来的,1.0,1.0
322,1.0,3540814479,0,你不消愁 谁是消愁,1.0,1.0
339,5.0,919801440,5663367634,脑子缺了根筋,1.0,1.0
401,2.0,1160851999,1356176192,人家赚的就是你这种活菩萨的钱,1.0,1.0
411,6.0,5878855861,17596393562270,楼主哪说他打农了,0.0,0.0
462,0.0,3892342060,-1,哥几个多买点假鞋，top就买不起了,0.0,0.0
407,0.0,5679975900,-1,之前询问过我的高中时期的海王哥们怎么办，他让我先聊着天，聊些日常啥的，但是lz觉得，平时最多也就发发实验结果的图片，突然聊起日常来了，🐶都知道我想干嘛，所以🐭🐭我就一直没行动,0.0,0.0
310,7.0,4159074615,0,有没有可能确实没表述清楚,0.0,0.0
320,10.0,1574676481,65116277,逆行了别人不让就该乖乖认栽改错，还骂人有理不该被抽死吗？,1.0,1.0
391,0.0,1988763688,-1,受众群体是小脑萎缩的智障人群,1.0,2.0
389,5.0,2857509870,1966393429,农庆确实活梦里，税收存款人均收入财政领事馆航空铁路进出口总保费公积金被成都十杀，一辈子都赶不上来了,0.0,0.0
351,8.0,964020712,464184259,网上键盘侠一大把，也没见你捐多少，人家有义务捐钱是吧？,0.0,0.0
314,7.0,6007074277,0,你确实是低能儿,1.0,1.0
330,4.0,4081201014,3927572341,原新闻都这样写的，瞎也不是这么瞎的,1.0,1.0
484,2.0,6508875498,4703737909,很正常，直男图个猎奇，就是要狠狠地折磨这些小🐶,1.0,2.0
490,6.0,2727731784,2534394175,你快去福耀玻璃上工，别废话,1.0,1.0
447,7.0,6018311734,6538525297,没看到你这个评论我还觉得她是在跟朋友说，一看绷不住了，这不纯脑干缺失,1.0,1.0
392,1.0,5564834475,5535622230,等等改一下是19年的，准确点，免得你找不到,0.0,0.0
350,9.0,4706786136,988823325,你脑回路够奇葩，他说的是玩笑话难道我就不能是玩笑话，老子就是喜欢这么说，你这种东西也是搞笑还以为自己是谁,1.0,1.0
266,8.0,5054564378,0,你就是哥纱布，还支持,1.0,1.0
344,4.0,5346562089,0,太假了吧，这正常吗，学生跟老师玩在一起,0.0,0.0
488,4.0,849838367,105019541,孥材吃牛魔狗粮去😅,1.0,1.0
384,1.0,5788635830,0,又来装理客中啦？今年荷兰上了多少分了？,1.0,1.0
353,2.0,3015634409,2223425179,……,0.0,0.0
266,5.0,37742978,0,我支持尼玛,1.0,1.0
333,0.0,6408980232,-1,人是被抛到这个世界上来的。,0.0,0.0
495,6.0,3497388093,0,起诉屁，人家不会改口说摆拍的视频，这种就是哗众取宠的小丑博流量的，别理就行,0.0,0.0
330,1.0,6537322018,0,浅黄色你瞎啊食用油就是能灭火，没脑子才认为不会，原新闻就是大爷用油灭火网易新闻自己查还有别的新闻平台,1.0,1.0
297,2.0,720729720,0,祝我这辈子不生孩子？多美好的祝福,1.0,1.0
284,0.0,324207182,-1,核里，我们学校20块钱做出的中午饭打碎了都做不了细菌培养基，相比起来这80块性价比多高啊,0.0,0.0
332,4.0,1181888674,4046939515,你只要有点常识就会知道水会灭火，除了油起火以外的，水灭火怎么会更旺？,0.0,0.0
366,6.0,5497401624,5902909108,侏儒咱谁没一米八谁斯姆。不愧是小脑没发育全的侏儒，随便说说就能破防,1.0,1.0
353,7.0,518841255,1137339124,扯***呢？这是一个箱体侧壁钢构件，角度太大了把吊车带翻了，砸人的是吊车吊臂，是个鸡毛牌子？,1.0,1.0
357,3.0,1067568118,2812928057,你知道的哪家早餐店用这个，还好多，张口就来。,0.0,0.0
259,6.0,6481891500,1443139848,就是去过了才知道坑爹，点名这里点名丰台的731，骨科医生太不专业，同事骨折在这检查结果到最后医生给了个模棱两可的骨裂结论，同事看这医生不行。又去了地坛医院从新检查，重新看。,0.0,0.0
423,0.0,1316268596,-1,建议白送,0.0,0.0
467,2.0,5641477843,0,别尬黑，人家说的就是s3没游戏理解，S3王者不如s8的白银玩家。S9号称世界第一上单The shy的最巅峰状态被S3混子上大木老师腐乳（混子加远古。当时应该黑铁水平不过分吧）。电竞从2018开始🔥的。之前的冠军不算。lpl三冠=Lck三冠。亚运会1比1。msi的冠军lpl多。lpl还是第一赛区，赢！！！,0.0,0.0
373,10.0,1165713323,0,冷知识“广西的螺蛳粉都不臭，只有出了广西的螺蛳粉才会有臭的”,0.0,0.0
358,5.0,3898221693,2574151383,你特么的！不杠一下浑身难受！,1.0,1.0
348,4.0,4881956907,785156368,嗯，也有可能,0.0,0.0
402,6.0,6049947616,0,nmmd，弱智一样,1.0,1.0
506,3.0,6558122450,6355203705,道德上很膈应人，但法律上应该不算,0.0,0.0
254,1.0,2009242528,0,这个跟本吧没太大关系,0.0,0.0
374,10.0,3832349230,5349924596,啊？不是你是咋想的，卤完了再喷，那玩意熟了再喷不就糊了吗，口感不得稀烂,0.0,0.0
469,2.0,1408316575,3282570746,素质确实低,1.0,1.0
284,6.0,2949778309,5008925132,家里人被当成募🐶了？这么急,1.0,1.0
450,9.0,699110954,2427552952,Xxn还敢来评论啦？,1.0,1.0
484,1.0,4703737909,0,男同就没有喜欢药娘的吧。。反而是那些正常取向的男的喜欢抱着玩玩态度去玩药娘。挺恶心的,1.0,2.0
305,7.0,3039456266,0,母🐷袭击人类 众人合力制服发癫的🐷罢了,1.0,1.0
374,7.0,3832349230,5349924596,问题就在于你自己做，认认真真撩完猪毛再卤，一样会翻出来毛囊啊,0.0,0.0
383,0.0,1718787673,-1,大多都是一些大叔大妈，之前的音乐节已经出现过了,0.0,0.0
354,2.0,3317361089,0,带机甲还差不多,0.0,0.0
478,4.0,166834577,320693878,风凉话你过去打试试看，猪狗不如,1.0,1.0
289,8.0,1442972782,365778785,冷知识 死亡不是只有爆头才会,0.0,0.0
421,1.0,3003075087,0,确实纯瑙镡,1.0,1.0
448,1.0,6538525297,0,想说的是那群女的都是认识的，还有如果你是骂朋友，你会骂得特别大声？让整个走廊都能听见..？当事人回头清楚看见那女生对外面骂的。别学个词就叫，真沸羊羊,1.0,1.0
290,4.0,2654617364,0,都反古了，你都没活活明白,1.0,1.0
269,4.0,4088015223,4139520977,杭州本地人口音,0.0,0.0
392,3.0,5564834475,2491518611,北京养老呢，两月前刚刚上过节目，看他微博呗,0.0,0.0
402,0.0,4551908764,0,都让你丑完了，就这么看不上自己吗 8ū是怎么当的?,1.0,1.0
321,4.0,746340422,0,是高考一样给爷停下来定损,0.0,0.0
259,2.0,3508872114,2093753581,亲，你少了两个字,0.0,0.0
447,4.0,6538525297,4938724090,声明一下，图片没有说完整，这群女的确实相互认识，并且就是对着当事人骂的，如果是说朋友不会特别大声，也不会是骂人的语气，当时整个走廊都能听到骂声，而且当事人回头看见是那个女的对着他骂的,0.0,0.0
342,3.0,4599706670,0,dinner,1.0,1.0
354,7.0,267432712,5534405014,我爱您,0.0,0.0
423,4.0,3498011556,2056559809,你有毛病吗，增值税就是流通链越长越多，苹果这样的进口降降不是应该的吗,1.0,1.0
388,3.0,1682546313,0,给你丑完了,1.0,1.0
396,0.0,3905562644,-1,就你这种拿不起放不下的老子最看不起，你就在恩怨纠葛的烂事里面继续你的兄妹幻想吧,1.0,1.0
308,3.0,5956640574,185951135,你见过有几个猪进监狱啊,1.0,1.0
371,8.0,2192590132,5097187987,便宜的不用用假的，用假的碍着爷了也还不能说？还要用假货的人教我做事？,1.0,1.0
332,1.0,6443221160,0,用的是冷油，原视频是的，并且这个老大爷很有经验，直到用冷油更安全,0.0,0.0
300,3.0,2390144003,0,我觉得是xxn无脑，3岁小孩管不住有什么奇怪的，0-3岁只能听明白一点点道理，打也没用，要打也是四岁开始打,1.0,1.0
314,8.0,1328396126,0,看id就是个低能，说不这种话不奇怪,1.0,1.0
291,1.0,2092639174,0,消愁是这样的 觉得自己迈出一步就很勇敢很厉害 完全没想过人家回复后怎么回 ，只会发到贴吧给大家展示自己滑稽的模样给大家看笑话,1.0,1.0
256,5.0,1194535367,0,为什么全是回锅肉捏放点新东西乐乐,0.0,0.0
336,4.0,928305634,901052470,您又是什么学历呀，博士后几代呀？,1.0,1.0
258,5.0,2475751147,1137339124,*****吗？等你长病你连开药的机会都没有,1.0,1.0
362,4.0,664986203,807961790,怎么了，你不服，小学老师得穷矮矬？,0.0,0.0
477,7.0,1851419037,0,管中窥豹，略见一斑是吧,0.0,0.0
353,0.0,1896116912,-1,这是倒了八辈子霉,0.0,0.0
479,3.0,4179206371,0,sword 🐮🐮,1.0,2.0
301,6.0,1319282475,1826453911,呵呵，你这就跟视频里那位一样上来来一个我猜你是第一次坐高铁，先声制人，不好意思，你可以来我家看看，我家孩子乖得很公共场合表情严肃愣他一下，立马变乖，更别说外人他就更不会闹了，自己不会管就不会管，还给人家定标签，鄙视👎,1.0,1.0
364,5.0,969983912,3007961222,你是个什么five东西啊,1.0,1.0
316,0.0,4173605204,-1,网红不都是狗,1.0,2.0
346,0.0,88413540,-1,好人还是多,0.0,0.0
494,4.0,1405058403,481835850,对啊，摆拍,0.0,0.0
380,0.0,1267839312,-1,河南人称中国犹太人,1.0,2.0
400,0.0,667445376,-1,"
乘风破浪",0.0,0.0
282,7.0,1315535196,6316505827,你妈也是,1.0,1.0
427,4.0,156116340,6387020763,国足踢不赢大学生还有那么点可能，踢不赢高中生有点过了把。。再怎么样身体上的巨大优势是任何其他技术斗弥补不了的，就跟大人踢小孩一样，,0.0,0.0
390,1.0,964392848,0,农都怎么连ppt都输了呢,0.0,0.0
349,5.0,2679520335,1277324811,蛙趣，不会遇到真ikun了吧，乐乐乐，鸡棚都塌了还没跑路呢，我一鹿人甲都绷不住，笑死你哥哥下的蛋你吃过吗你还当ikun，我天天吃咯咯下的蛋，你怎么好意思在我面前当ikun，哥哥高烧180度都坚持给我下蛋，还给我跳鲲舞,1.0,1.0
500,10.0,1047471380,2671306735,扎心了啊,0.0,0.0
311,2.0,2637720807,0,警察有用就不会道歉都没有了，一帮碰到恶人只会和稀泥的税收蛀虫,1.0,2.0
270,10.0,185059125,383360,她是不知道交警说的“下高速”是什么意思，她没撞坏护栏下高速就不错了,0.0,0.0
370,8.0,946380838,1080049254,第一，不知道也敢回复你挺厉害。第二，因为只有你在说，所以目前的证据支持只有你。第三，比喻不恰当，别人不是打你，他没有针对你，他是打了所有的人，但只有你死了，你琢磨为什么？,1.0,1.0
356,5.0,919622325,0,还给你整出清高优越感了捏,1.0,1.0
414,6.0,3946032138,2585914314,逗我呢，欧洲不是启蒙运动后革除落后思想后才发展起来的？近代的强国有文化娱乐瘸腿的吗？我就说自由发展，你成了提倡全民娱乐，要真是大家都愿意娱乐花钱，上面也不会天天催着别人消费了，消费才是第一生产力，消费环境还要进一步完善又不是我说的。,0.0,0.0
329,0.0,4045737803,-1,睁开你那p眼好好看看装的是什么,1.0,1.0
337,0.0,1460581266,-1,5000没毛病，有错在先还嚣张跋扈辱骂他人,0.0,0.0
449,1.0,3170387892,0,你哪个眼看见他说男女了？视频里手欠的是女的吧？我能说她是xxn吧？怎么到你嘴里就成仇视全体女性了？,0.0,0.0
321,6.0,3284374180,0,高考可以求助交警，但不能逆行,0.0,0.0
495,5.0,671504204,805078127,2、30块钱的东西，三次也不会追究刑事责任。何况这种情况他还半价把东西买了，美团也会给顾客退款，很难定性成故意损坏,0.0,0.0
256,6.0,4443911464,3541113633,这是发抖音的截图,0.0,0.0
267,7.0,6369131968,2060652199,知道曰本人是你的父，但请你不要到处乱认父,1.0,1.0
418,2.0,6517649678,1556490289,航吧太监别发癫,1.0,1.0
409,8.0,3627494926,2404736653,如果你老婆就是想要你朋友圈发一条关于她的，你会发吗？会的吧,0.0,0.0
502,6.0,1670167156,4994112645,我是懒得跟这种低智争论，哥们,1.0,1.0
365,1.0,5167077206,0,明白人,0.0,0.0
372,0.0,4903224048,-1,这店家感觉也有点逆天,1.0,1.0
501,3.0,6345331943,4994112645,别急看来你也知道你是dinner了,1.0,1.0
274,1.0,5913249440,4151459407,学到个叽霸词就乱叽霸用，真的是挠谭，一直发,1.0,1.0
391,3.0,2979621198,822212854,没有得哦！自主维护而已！,0.0,0.0
373,9.0,4859900406,0,dinner，广西人辟谣n次螺蛳粉不臭了，绷，你湖南还比广西更懂？,1.0,1.0
500,1.0,4994112645,0,作为一个公众人物，你可以说是服务业，可以说难找工作等等都没问题，用带有歧视性的言论贬低一个行业，然后张孩儿给他洗地，流量都赚麻了，不过一个德不配位的东西，一旦带上了有色眼镜就是失去了客观性，这种人怎么能给学子出真正客观的建议。,1.0,1.0
461,2.0,2451568190,3006908403,那口友可能是真心地捏,1.0,2.0
327,9.0,896274260,3498648533,什么dinner 只准你🐶吠不准反驳？你在自家倒油是这个动作？涨知识了 这个动作水还是油都是一样的出瓶 说真的你要真是色盲你就说 我不会qs你,1.0,1.0
273,3.0,3507253571,0,看得出，你是用迪奥打字,1.0,1.0
288,4.0,1595152243,815855698,什么👻男，不管是什么样的女的看到就觉得她们好？只用下半身思考是这样的,1.0,1.0
312,2.0,3492756141,1439887720,先萨再自，圆满,1.0,2.0
465,3.0,3127366967,2732274301,还是太贵吧。,0.0,0.0
467,0.0,482996714,-1,之前s8骂s3远古冠军不是这么说的,0.0,0.0
462,7.0,2780484452,0,我去年世界赛之前特意去买了双空军一号说给哥几个助威，然后哥几个十六强回来了,0.0,0.0
458,3.0,4338692707,909208518,+1,0.0,0.0
314,2.0,1088820532,0,说了是小孩踢的不是他们踢的,0.0,0.0
504,2.0,6548742310,0,确实,1.0,1.0
382,0.0,2926012094,-1,神奇的地方，全网黑不奇怪,1.0,2.0
309,2.0,582807005,0,果然每个人的看法都不同 这里最恶心的还不是这个女人 是那些狗叫的哦哦哦 起哄的腊鸡人,1.0,2.0
270,7.0,85395676,134557900,看这女的口气明显不是那种嚣张跋扈目无法纪的啊，这是乱开车被交警吼了以后吓懵了不知道要怎么办了,0.0,0.0
405,1.0,6510786840,0,一针见血,1.0,1.0
399,2.0,1133945835,2728225813,所有权和使用权是两回事，按照马某得判决只要女的不去做估值，男的就拿不到一分钱,0.0,0.0
256,7.0,1177169949,0,女的 人格都不健全，****儿，说话毫无逻辑像踏马放屁,1.0,2.0
445,6.0,6558759592,0,合影,1.0,1.0
382,3.0,2833130298,5964216486,没必要太纠结这个，其实国人都知道河南大部分还是好的。只是人口基数太大了，外流人员太多，给别人造成河南坏人多的刻板印象。网上偏激者也多，覆盖面就大了。做好自己就行了，教育好后代，肯定慢慢变好。,0.0,0.0
502,2.0,4994112645,0,怼我的时候想想你自己怎么做的,0.0,0.0
318,3.0,1349260505,0,这种一有事就劝息事宁人退一步的人真是祸害，是非不分恩怨不明，枉活一把年纪,0.0,0.0
445,2.0,5023814221,4960795735,你的评论为啥在昵称左边,0.0,0.0
333,2.0,4614631671,0,挠餐玩意，这是你野跌是吧？天天发，发你**,1.0,1.0
457,6.0,6046809148,0,农村为什么来城市做,0.0,0.0
375,2.0,5847047412,0,捏嘛滴要我骂你是吧,1.0,1.0
462,5.0,5333830325,6300691342,是百丽国际，自己的母公司,0.0,0.0
440,1.0,1606971929,0,不认真看我聊天记录就来喷？眼睛被狗吃了,1.0,1.0
370,10.0,5200519518,946380838,我用我知道，在宿舍里有时候都不知道哪个宿舍的华强北跳在我iPad界面上，你在在这嘴硬有什么用,0.0,0.0
491,2.0,256348917,2646438217,几大产油国已经联合了，海湾，大毛，委内瑞拉，他们背后是谁？资源国再搞一次石油危机能搞废欧洲和日韩，丑国孤家寡人了~,0.0,0.0
286,2.0,4818681772,1051419462,你们村是2G网吗，当地物价局和这个老校长都出来澄清了，这个老校长打了很多菜请人吃饭，菜价没问题，另外这个视频刚发出来的时候标题甚至说的是普通老人被宰，这个拍视频的学生是真的心脏。,1.0,1.0
350,2.0,3027540135,4706786136,你是傻子?,1.0,1.0
480,5.0,2720788787,5089734486,他是成都省的，跟我们四川省没关系,1.0,2.0
279,4.0,3912739870,0,得扣开吧 上完又堵上麻烦所以慢？,1.0,2.0
257,8.0,5734816033,2092152596,七级给你半步黄牌叠磕一个,1.0,1.0
475,2.0,5455773973,0,破案！,1.0,1.0
304,4.0,1210514502,4143961951,人身攻击，怕是全家福，只有你自己,1.0,1.0
500,9.0,2671306735,4341858113,害学医呢，学医不是纯服务业,0.0,0.0
424,3.0,775815339,5953696038,这些穷鬼买得起车？,1.0,2.0
279,8.0,4179833013,3912739870,没脑子的什么都骂,1.0,1.0
258,6.0,405855452,0,你去医院看病，医生不会告诉你病情直接开药，你信不信？,0.0,0.0
345,5.0,3541648871,1882004519,浙农大实验班8月底也开学了,0.0,0.0
378,4.0,2140991810,0,这一辈都入土后可能会改善,1.0,2.0
425,0.0,29973334,-1,emmm，感觉有点违反物理规律，特别是踩水时。,0.0,0.0
308,8.0,1634562780,0,这个民警这么瘦，估计这女的用力一脚他要骨折。,0.0,0.0
473,5.0,4815453836,3138920851,你好急啊，说句blg没联赛冠军急成这样不知道的还以为膏÷进决赛了,0.0,0.0
502,7.0,1670167156,4994112645,看过太多你这种人了，争到最后都没个结果，不如给你盖棺个rz,1.0,1.0
337,2.0,901052470,3887418784,要赔偿就是讹人？,0.0,0.0
487,0.0,875038205,-1,对面要是讲汉语，你看吧友走不走,0.0,0.0
331,7.0,1111950623,65375520,你可真大聪明，电池起火，你用水。,1.0,1.0
468,1.0,2461205728,0,所以呢，仁川五处只有一个钻石的僵尸？剩下四个家里蹲是不是白银都比不上啊？大飞不需要比大师厉害，比仁川五处强就行,1.0,2.0
402,5.0,5488536393,0,回哥谭吧，蝙蝠侠说不打你了,1.0,1.0
394,2.0,6443572810,0,好好好,1.0,1.0
427,0.0,5504612739,-1,我想说，让他参加奥运会跳远比赛。能不能拿第一？,0.0,0.0
444,8.0,5802427291,5504924028,哥们从你语气中对现在不满啊，不满就赶紧润，不缺你这种小脑被大长包裹的人,1.0,1.0
464,5.0,6300691342,927637423,800万的选手，除非待在原队伍，出去找队伍谁跟你说就不要试训了？脑子被踢了？都不看其他四个人合不合的来？,1.0,1.0
413,0.0,85964545,-1,别太魔怔了，把打游戏的宣传成主流文化那真的应该反复读一下党章第一句话，三个代表里始终代表先进文化的发展方向是什么意思。就这么说吧，我国的传统文化和现在新时代的先进文化（学习科学文化知识）都不支持把游戏文化大肆宣传,0.0,0.0
483,1.0,6063876091,0,我有个问题想问一下，你们这个群体为什么喜欢把跨性别旗或鱼板emoji标在头像或昵称上面呢,0.0,0.0
351,9.0,1308261456,964020712,你的工资果然不能给你开高了，否则你脑子会进屎。,1.0,1.0
453,3.0,2017968546,963866460,谁会觉得一个普通的落榜生能做什么？,0.0,0.0
270,4.0,3815563518,134557900,死都不怕还怕警察？,0.0,0.0
369,1.0,2039420318,0,是啊，你怎么不好好工作呢？什么逻辑啊,0.0,0.0
398,6.0,4140473234,1843320416,撸出幻觉了,1.0,1.0
352,4.0,422924353,6493483677,把估计去了 坐坦克里可能能活,0.0,0.0
464,7.0,2780484452,927637423,s11冰岛皇子结束 玉玉确实去we试训并且效果很好，we确实开价不低，玉玉也想去了，后面we那几个集体改名想打兄弟LOL，加上tes想要，降薪来了tes,0.0,0.0
358,6.0,877055178,2574151383,没见过没关车门会开双闪的车，说一下车名，我去查查,0.0,0.0
363,0.0,941740650,-1,旁边的不是同事吧？自己人被碾压，竟然不拿棍子收拾下司机？,1.0,2.0
269,0.0,4951616269,-1,给它俩巴掌看它还发不发癫,1.0,2.0
495,8.0,5445122462,0,这不是他干的，是他阴阳美团雇的众包骑手的,0.0,0.0
476,2.0,6049529153,0,这回轮到我合影了,1.0,1.0
313,0.0,1437686732,-1,直接把她劝家宰了在自杀，自杀算什么软蛋,1.0,2.0
391,7.0,2595228931,2977834410,你这5级牌子明显签到签来的,0.0,0.0
406,9.0,6383959814,0,你果然有经验,0.0,0.0
462,10.0,2780484452,53615256,我在实体店买的 哥几个回来的太快了，真没蚌住,0.0,0.0
264,1.0,968046346,0,其实医生也有说明一下病情然后开药。这孩子还真为了母亲急。担心母亲,0.0,0.0
430,4.0,1037103828,1337202769,你这么舔指望别人v你50嘛？,0.0,0.0
430,3.0,4598562933,1337202769,第一定律,0.0,0.0
471,4.0,2169251540,2118402753,xun真的有问题，野核思维太重了，今年打wbg，上路一大波线进塔，他知道对面打野要来还直接回城。,0.0,0.0
323,4.0,3411430587,0,dinner,1.0,1.0
475,0.0,2349007726,-1,怎么人家看不上你你酸了？，怕不是掀开衣服一肚子肥油吧？有这酸的时间不如多去提升提升自己，这种人怪不得现实中找不到对象。,1.0,1.0
392,6.0,2491518611,6435748317,我没有信啊我朋友爸妈国企职工，每次出个国都要向上申请好几级，我不可能连这点道理都不知道,0.0,0.0
259,4.0,1443139848,0,那你为啥要去呢？多坑人啊，你在家里挺挺就过来了，你去医院只会掏空你的钱包，最好能找个什么神婆给你看看喝点符水。,1.0,1.0
269,2.0,718808055,4139520977,南方女人口音是这样的…,0.0,0.0
301,10.0,1165106641,1427003196,没头没尾的视频都能拿来说事，弱智说的怕不是你自己，楼里还有说家长一直都在哄的呢，你信不信？觉得被影响了就叫乘务来处理，理解不了吗,1.0,1.0
499,3.0,4094940237,0,牌少有为,1.0,1.0
277,1.0,4169821575,0,错误的，这种的文案只会说厕所，不会加“男”,0.0,0.0
493,5.0,4121928714,0,看把你给能的 要不咱俩比划比划 看我不把你手脚剁了,1.0,1.0
389,0.0,5669852761,-1,哈哈 碰瓷上海 ,0.0,0.0
472,2.0,893879299,3901195547,这个队伍谁都可以少 xun是绝对必要的 这种性格的人是宝藏,0.0,0.0
255,3.0,1585629685,593212109,那我问你这些现在建成了吗?珠江新城难道不是广州最大的CBD?其他哪个体量能超过珠新,0.0,0.0
375,8.0,4159419937,2577038210,除了有早操其他都挺正常的，也没其他若制规定，宿舍也不严,0.0,0.0
479,4.0,6066817099,0,不许哭,0.0,0.0
380,5.0,4975549911,0,回复 酸菜鱼刺 :字都敲不明白，建议先把脑子里的水倒掉，然后风干，再给你植入一些猪脑基因，你才能恢复理智正常敲字是吧,1.0,1.0
306,0.0,89984069,-1,这穿制服的也是个饭桶,1.0,1.0
283,0.0,3300988847,-1,家人们，谁懂啊 刚刚憋急了跑到男厕所去方便，结果进来一个男的真下头 又是恐楠的一天,1.0,2.0
416,2.0,3542266704,0,那种事情不要啊,0.0,0.0
361,0.0,33466534,-1,如果真的为学生着想，领导不想管，那你作为老师上课就不会临时弄个布或者纸板盖住，就看你想不想做，你做了在去发网上我也同情你，视频真伪有待考证！,0.0,0.0
471,9.0,716779670,2169251540,当时真的很奇怪，他是亲眼看到对面打野在的，而且对面也一大波的线进塔了，还回城。可能就是放弃阿宾了，选择去下路打龙。,0.0,0.0
359,4.0,5221537581,1706985815,hh 谁急真不好说,1.0,1.0
452,2.0,2017968546,2817260186,我们只需要到那时动手就行了，现在做这个会暴露出事,1.0,2.0
492,3.0,1750055785,481835850,我跟着干啥了，你跟那人有啥区别，问下就上纲上线了？,0.0,0.0
328,0.0,3793129031,-1,这是尼马的桶装水,1.0,1.0
293,4.0,1037590697,0,视频里的孩子就是你吧？自己把头塞进去完事说安全隐患,1.0,1.0
466,2.0,1309007264,6008967450,左手年轻,0.0,0.0
284,7.0,4987714722,5008925132,怪不得你脑子比细菌还小,1.0,1.0
457,2.0,1675000491,0,寄快递好用操作吗？,0.0,0.0
415,0.0,1444163695,-1,u盘里老存着两张仙界的网图，说是他老家,0.0,0.0
430,7.0,909537223,0,好骂,1.0,1.0
269,3.0,547257474,0,这种嬉皮笑脸的，其实特别危险，容易造成重大事故，建议击毙,1.0,1.0
309,7.0,4529114089,6379242612,典,1.0,2.0
331,5.0,5666584417,0,这不是水吗 油壶装水,0.0,0.0
504,0.0,5752518674,-1,你挺出生的😋,1.0,1.0
491,1.0,2646438217,0,还是沙特求大帝来，要搞事了,0.0,0.0
318,2.0,877940934,0,这头母猪怎么会有人要？？怎么会有孩子？？？,1.0,2.0
477,6.0,2662569736,320693878,讨论是建立在一定的了解基础之上，啥也不懂就知道个游戏有啥可讨论的,0.0,0.0
365,2.0,6456782727,0,不是，你长图2那样吗，你身边人长图2那样吗,0.0,0.0
310,8.0,6077434455,0,确实没表达清楚,0.0,0.0
481,1.0,6022364524,0,我能评价你，你素质低,1.0,1.0
397,6.0,4519866819,1843320416,入驻小红书吧，里面的那些xxn和你一个吊样,1.0,2.0
269,7.0,6011426496,718808055,四川这边不是，这边刚烈一些,0.0,0.0
466,4.0,602607437,0,今年打完不一定了,0.0,0.0
498,8.0,1054090753,3623530505,果真吗,0.0,0.0
300,0.0,5042343650,-1,一家人没素质，公共场合造成不良影响没说过一句歉语反而恶语相向，没一个正常的人,1.0,2.0
369,3.0,898633809,0,为啥不去换个正版耳机呢？,0.0,0.0
493,3.0,1625586993,0,然后人家躺地上不起来，顺带报警，喜提赔偿金,0.0,0.0
333,3.0,6011364075,0,这谁啊？,0.0,0.0
422,2.0,5685080700,0,高估别人学历干嘛,1.0,2.0
308,6.0,4089836098,185951135,xxn有法抗,1.0,2.0
418,4.0,3472591420,1556490289,逆天,0.0,0.0
274,3.0,4519195110,4151459407,过分了真的,0.0,0.0
392,7.0,1591453571,0,所以别人对这个吧刻板印象还是没问题的，就因为有这么多像层主这样的若质存在,1.0,1.0
403,8.0,1205909971,4135430639,nmd给吧友看急了,1.0,1.0
327,1.0,6326796212,0,本来百分之九十的人就是没常识，这里又不像外面那样文化程度高。,0.0,0.0
269,9.0,1675948814,718808055,地图炮是吧,0.0,0.0
345,7.0,4627904831,1882004519,大一要军训的，你上没上过？,0.0,0.0
444,4.0,5504924028,5700088631,只看外观就能评判出发展水平啦,1.0,1.0
372,1.0,2406479141,0,再好的人，你把他说过的脏话集中起来全让你看到，你肯定也会觉得他逆天,0.0,0.0
275,5.0,1344527374,0,做不到的话，就回家睡一觉吧，说不定一醒来你就知道了呢。也不用对不起，本来也不是你的错，只是没能帮人家而已。你看看这里那么多吧友，好多都给出了属于自己的答案，这其中也许会有不好的，但各位吧友也没有嘲笑他，你也可以按照自己的想法来帮助楼主哦。好了宝宝，乖乖去其他地方欢乐欢乐吧，再见~,0.0,0.0
457,3.0,2637482933,4338692707,我寄的时候都是手把手帮我按手机不过也就是扫个码填个信息,0.0,0.0
359,1.0,2766792347,0,就是说您有何高见呢，一上来发这个也不是一个健康的讨论环境吧,0.0,0.0
285,2.0,2096837540,2798186732,不一样，能放一起称？价格怎么算？,0.0,0.0
287,3.0,6310448039,0,这是食堂睿智，他80我不得20，怨种饭你去食,1.0,1.0
483,2.0,6063876091,5938656359,我觉得不标的话会被骂的更少的，标了后更容易受到非本圈群体的排斥，会让很多人避免接触带有这个标志的群体，我觉得标了反而是个debuff 平常我能接触到的这个群体大部分都有心理问题不敢直接问，所以只能问你了,0.0,0.0
300,2.0,4094554209,2892865203,都是有问题的捏,1.0,2.0
266,1.0,1076558211,0,听这叽叽喳喳的就恶心,1.0,1.0
400,8.0,6021060420,2829058696,弱智晚期吧你，热n木,1.0,1.0
276,3.0,3813675188,1748769840,你这是哪里来的经验？就是因为有你这样的想法的人太多，用人单位才敢这么嚣张。,0.0,0.0
433,0.0,3495378172,-1,沸羊羊直接破防了 脏话乱飙 装都不带装的了 这就是江西的亿万富翁吗,1.0,1.0
354,4.0,2050163866,0,带什么？动力甲？,0.0,0.0
282,6.0,3453573003,0,虽说热门景区女厕不够用很常见，但是说话的这仙女属实有点制杖。,1.0,1.0
430,6.0,210365229,0,好骂,1.0,1.0
472,4.0,230770299,1586466555,确实打半决赛了,0.0,0.0
494,1.0,481835850,0,这不就是做一些逆天事，想靠这个博取流量的🤡吗，你觉得正常外卖员谁有空去拍抖音哦，他甚至还开了直播唠嗑，而且正常的众包基本没有穿美团套装的，根本不要你买就可以跑，你现在马上下载个美团，马上就能跑，接个单，截个屏，取了餐扔了，然后拍个视频就可以发网上博取眼球了,0.0,0.0
465,5.0,3401728825,880363104,太贵了，一个左手能值滔博一个队了快,0.0,0.0
491,3.0,1200946441,0,沙特敢邀普京访问就证明沙站队明显了，这个可是直接触动北约的神经，搁着以前骑墙的沙特肯定不敢直接得罪北约.,0.0,0.0
393,0.0,3010565744,-1,是能问出何不食肉糜的傻子。,1.0,2.0
460,3.0,811600220,0,这个确实是这样,0.0,0.0
428,0.0,6532723974,-1,人是化妆成老年的，抖音有直播间，四个壮年大哥，视频是万里挑一才上传的，不是每一次都能成功,0.0,0.0
299,7.0,1820506587,17054852,监护权是让你保护，父母没有打孩子的权利，年龄越小量刑越重，懂点法吧,0.0,0.0
473,4.0,3138920851,4815453836,别给你跌扣帽子哟，儒手世界赛打的还不如膏➗，这就急了,1.0,1.0
356,7.0,5669188899,0,挠子抽了,1.0,1.0
451,2.0,6021409370,0,星期六星期天也算啊,0.0,0.0
278,0.0,2642858992,-1,《这男的怎么进去了》,1.0,2.0
331,6.0,4104472490,1494489166,正常人电瓶起火用水灭火是吧？大聪明,1.0,1.0
254,3.0,3859343366,0,你就是个无锡刚奴，还泰州人？装你M,1.0,1.0
265,1.0,817399114,0,没看到家属后面摔了一下ct片子啊，这种打印出来的一般都不是当天拍的。,0.0,0.0
338,4.0,6418553947,6010982477,你姓秦吗,0.0,0.0
496,1.0,4181959219,0,好骂,1.0,1.0
369,6.0,3536764846,0,黄牌若志,1.0,1.0
458,5.0,909208518,1196329511,我大一的时候，还有同学去火车站排队买票，直接给我震惊了,0.0,0.0
457,0.0,6367416394,-1,哈人，我不会也会被这样羞辱吧😭，农村来的鼠鼠属实不配寄快递,0.0,0.0
472,8.0,2745033831,893879299,ig出来的是不是全是这样的个顶个的伟大，包括还在ig的wink也贼有意思,0.0,0.0
427,5.0,6387020763,156116340,你上网查一下，记得老板说过的,0.0,0.0
427,9.0,744628152,6387020763,你说之前你怎么不先查一下？你说女足踢不过高中生还可以讨论一下，说国足你去挂下脑科吧,1.0,1.0
444,1.0,5504924028,5700088631,你又懂了,0.0,0.0
411,2.0,6321749886,0,你还优越上了,0.0,0.0
481,3.0,6022364524,2021962344,没素质,1.0,1.0
304,5.0,134870505,1210514502,你快去报警啊，他人身攻击你,0.0,0.0
442,3.0,6524305340,4051069791,你Tm是男的女的？？？,1.0,1.0
391,6.0,6463184715,6077633248,这种情况建议都屏蔽好了 有兴趣查阅可以去外面查阅,0.0,0.0
467,3.0,4061640300,5641477843,lct在飞天帝带领下自成禁区了是吧,0.0,0.0
406,1.0,6510786840,0,沸羊羊是不同，经验老到,0.0,0.0
489,4.0,3962563315,5074817756,难绷,0.0,0.0
457,5.0,912205830,0,我上学第一次去大城市，才第一次见到轻轨，人都是麻的，完全不懂怎么坐，走哪个路线。还是一个好心的大妈带我去的大学城 谢谢你hero👵👵,0.0,0.0
464,4.0,6300691342,927637423,弱智看不懂字？我说12的表现，s13可能拿到千万大合同，谁跟你说s12就拿到千万大合同了？,1.0,1.0
425,1.0,734776585,0,这个世界上不可能存在违反物理规律的事情。,0.0,0.0
334,3.0,954397796,0,脑瘫，别人超时平台不扣钱？误工费不赔钱？外卖重做不扣钱？,1.0,1.0
485,3.0,2482609082,5030681697,打也是该打，谁没挨过打？你有没有想过为啥打你？你还隔这给老子委屈上了是吧？ 你残害自己的身体导致折寿，我可以说世界上几乎所有父母都希望自己的孩子能活的久一点,1.0,1.0
406,0.0,1270692222,-1,感觉你不是那个下头男，我看这聊天记录感觉人家可能都不知道你喜欢她,0.0,0.0
476,3.0,3133938394,0,合影,1.0,1.0
465,8.0,3536388070,0,左手还需要你个尿博捞？全世界谁不想和他打，他想进哪个队进不去？,0.0,0.0
290,0.0,2953012532,-1,我们不也正在朝着这个方向发展吗，可能这就是进步吧,0.0,0.0
332,7.0,6537322018,239833295,食用油就是能灭火，没脑子才认为不会，原新闻就是大爷用油灭火网易新闻自己查还有别的新闻平台,1.0,2.0
429,2.0,967147781,6438731645,没必要,0.0,0.0
437,0.0,1606971929,-1,呜呜呜呜呜呜,0.0,0.0
339,4.0,5663367634,0,回复 zyzyyva :有血缘关系咋了。秦始皇噶的还少吗。只要嘎人那就是包君。宝君开开玩笑咋了。我要在骊山我在他坟头拉香,0.0,0.0
424,5.0,3512467885,0,真的绷不住，难以想象什么样的人才会说出这种话。我在想是不是她平时上厕所都觉得自己很有素质，仅仅因为她把💩拉到坑里而不是公共场合,1.0,1.0
410,6.0,3465172972,6491871604,正确的，我也不爱发，但要是女朋友想要我发我肯定愿意发,0.0,0.0
474,8.0,2948059139,4419449497,我是草你怪,1.0,1.0
371,7.0,2192590132,5097187987,比起我亲戚我有更重要的人要铜呢,1.0,1.0
329,2.0,4406016198,3917081393,出院,0.0,0.0
330,2.0,3927572341,6537322018,谁家小孩色盲是可以治疗的，眼睛不要可以拿去塞一下你沐晴的两个懂,1.0,1.0
413,6.0,3071345401,0,当今世纪哪个普通人不搞点娱乐？看你这发言什么新时代不是ZZ学傻了是什么,1.0,1.0
426,5.0,4591238212,2229857148,没有，那个就是正常起跳，在空中刻意做出一个下压动作。这样反而降低了起跳的高度和距离,0.0,0.0
427,10.0,1099124742,6387020763,你有没有读过书？,1.0,1.0
405,6.0,5047616651,0,好狠的攻击性,1.0,1.0
500,3.0,4994112645,4341858113,那就好好把他当🐶，别把他称为什么导师,1.0,1.0
406,2.0,5679975900,0,那🐭要问问她下头男的事吗（好奇），还是静观其变？,0.0,0.0
439,6.0,861451925,2235308725,中专考上带专是这样的,1.0,1.0
422,0.0,3784086907,-1,一群高中都没念完的xxn只会无脑跟风，利益分配关系都没搞清楚就“游街示众”。,1.0,2.0
444,5.0,5700088631,5504924028,逆天，他发了张图，我不看城建，我给你自动解析是吧,1.0,1.0
461,1.0,3006908403,0,谁又真心想当罕见呢,0.0,0.0
419,4.0,5654203252,832896304,你高兴就好,0.0,0.0
497,1.0,1574336844,0,嫉妒你的菜花,1.0,2.0
494,0.0,1405058403,-1,纯纯dinner，别人就是问问时间，也没侮辱你，然后你就干这损人不利己的活，要不是摆拍的话，真是活该你只能送外卖,1.0,1.0
458,2.0,909208518,0,我觉得更像是上了大学才用过手机这种,0.0,0.0
488,10.0,1181524966,6407333520,工会给人家工资抬成天价，后续厂子直接倒闭只字不提是吧？,0.0,0.0
350,3.0,913544043,4706786136,？？，你不会就是视频里那种人人吧,1.0,1.0
331,0.0,5006235708,-1,冷油熄灭火可行，不过一般都是厨房油锅起火才这样做，大爷这样做感觉还是有点运气成分,0.0,0.0
374,5.0,5349924596,1614614354,消费，花了钱还不能评价了？我要是自己洗自己做还用花钱点外卖吗？,0.0,0.0
486,3.0,5153825540,0,去土木工程吧看土木老姐,0.0,0.0
319,5.0,833862707,1456402336,插 的确态度这么差还骂人 让你个筹嗨 其实就是很小件事 被这xxn闹的,1.0,1.0
336,2.0,928305634,334136450,都是打工人何必为难打工人，如果真的不合理开口那只能，法制社会了,0.0,0.0
321,1.0,2498076886,0,你的小脑有核桃大吗？高考就可以逆行了？,1.0,1.0
387,1.0,2622024675,0,什么聊天框战神,0.0,0.0
408,4.0,4313315671,0,跟她实验时开点不尴尬的小玩笑，或者一块实验让她依赖你,0.0,0.0
468,3.0,927140543,2461205728,你有病，lpl第一个冠军五人组变成五处了？,1.0,1.0
398,2.0,1843320416,0,但是喜欢一个人总不能只靠外貌，家境、性格好多东西都要去想。综合来说就是不可能,0.0,0.0
315,4.0,410967812,2062741928,快爆金币老东西,1.0,1.0
380,3.0,4975549911,3170387892,魔怔了，那是山东吧。你起尼玛的哄呢,1.0,1.0
317,1.0,588774925,0,是会聊天的,0.0,0.0
399,3.0,1133945835,2728225813,马某要是真的保障双方权益，应该让法院委托机构去评审并进行法拍而不是让双方自行去估值,0.0,0.0
463,1.0,3491892952,0,369tian 都是为了快乐游戏在滔搏打，明为了杰克 可能只有奶油是为了成绩来滔搏的吧,0.0,0.0
345,4.0,4375428971,0,我大二8.16就开学了,0.0,0.0
488,5.0,5831715316,105019541,好女才,1.0,1.0
429,6.0,2462003263,967147781,V50证明实力,0.0,0.0
310,4.0,1411189096,1905713585,我说女的恶心，我成江西👻男了,1.0,1.0
472,3.0,1586466555,893879299,Xun打geng的皇子挺神的，都以为要打半决赛了，可没想到被wbg拿下了。xun现在算是国产顶级打野，很久也没有人说他xun导了,0.0,0.0
264,8.0,21971298,0,至少给病人解释一下，让人家知道原委吧？虽然有可能听不懂,0.0,0.0
375,1.0,4159419937,4828454943,考青理,0.0,0.0
320,6.0,65116277,0,我说了，前面的视频没看见，你怎么知道出租车不是非要抵上来的？人家孩子高考借过一下用得着这么多骂的？,0.0,0.0
407,5.0,4166330244,2033235695,公鸡力这么强,0.0,0.0
344,2.0,4826467547,5797668820,细嗦给我塞,1.0,2.0
357,6.0,2812928057,1067568118,我一个外地人，没有明确证据怎么举报？浪费时间调查吗？,0.0,0.0
453,5.0,963866460,2017968546,你分得清人生理想和毫无现实根据的幻想吗，我明白了，你的理想是当一个搞屠杀的美术生是吧,1.0,1.0
467,4.0,916287699,5641477843,说前期lpl整体不行所以打不过是有一定道理的，但是发展是线性的又不是跳跃的，直接从s8开始算也挺流氓的，不过现在连这个遮羞布也没了就是了,0.0,0.0
437,5.0,4188580279,0,谢谢这个帖子 让我看到孬摊,1.0,1.0
360,6.0,1335120702,3888423380,玩三国杀玩的，dinner杠精😅,1.0,1.0
450,3.0,3899032590,3499320892,你是不是语文没学好啊,1.0,1.0
378,7.0,26112,5818779314,坏是入基因的，跟哪的人无关，非要低于黑那就是那块这种基因多,0.0,0.0
277,0.0,6395743084,-1,家人们，谁懂啊，怎么会有虾头男跟小纤钕抢男厕所,1.0,2.0
300,10.0,4574876982,5042343650,你脑子得了急性脑膜炎吗？那赶紧治啊，别乱吠,1.0,1.0
350,7.0,4706786136,988823325,老子就喜欢这么说，你有意见吗,1.0,1.0
357,4.0,2812928057,1067568118,对呀，五家遇到三家有用地沟油不就是好多吗？,0.0,0.0
300,1.0,2892865203,0,正解，还咒骂人家小孩死，太不要脸了，还有这么多人洗，搞不懂了,1.0,2.0
347,3.0,6463431565,790494423,有些没社会经验的可能理解不到，女方这样拦是怕男方惹事,0.0,0.0
486,1.0,2342953294,0,学理工科的哪有这功夫,0.0,0.0
404,3.0,5519654732,3537550458,偌智？他家里人把他当人了？他家人自己都不尊重他，他还尊重他家人干啥？,1.0,1.0
376,4.0,2599544745,5531708064,我拿着剥皮刀就把你和带你进服的男女玩家砍成块块做成红烧肉和清蒸排骨下酒,1.0,2.0
477,0.0,6402843818,-1,带节奏,0.0,0.0
331,3.0,1543042049,65375520,看着像水的几率大，因为油有点稠的,0.0,0.0
492,6.0,929835559,0,不是带请了吗 我觉得挺礼貌的 不知道怎么招惹他了 花钱了不能问吗,0.0,0.0
327,5.0,896274260,3498648533,你长眼睛了？那桶里一看就是黄色的你色盲啊 冷油能灭火你不知道？,0.0,0.0
473,0.0,2871545168,-1,左手到底能不能去blg，我blg粉丝只认他,0.0,0.0
370,9.0,5565063286,946380838,你真是条傻 勾，有基本的逻辑吗？合着一直弹窗还是自己的错了呗？我不该开蓝牙？受害者有罪论？是不是校园暴力你也可以说为什么只欺负你是吗？傻 勾,1.0,1.0
449,3.0,2766228047,0,沸羊羊你怎么变成🐶啦,1.0,1.0
342,2.0,5640061515,0,dinner剧情，0昏,1.0,1.0
336,0.0,928305634,-1,我个人觉得，就赔个外卖钱，再随个几百意思意思最多了,0.0,0.0
264,6.0,1744562365,195060295,就你还在这打圆场，人家都说了，连老太太是什么毛病都没问，是疼是麻，就拍个片子就开药了，连问病情都不问的啊，你摸摸自己良心，正经医生可能这么干吗？别说啥医生能看到片子，我就问你，你去看病，医生让你拍个片子，连什么病情，什么状况都不问，直接开药，这是正经医生？,0.0,0.0
351,5.0,1308261456,964020712,你是真孝啊，哈哈。全网谁不知道伪善的德行，就你还在洗。,1.0,1.0
472,6.0,1586466555,230770299,呸，说错了，打决赛，那个皇子给的印象有点深,0.0,0.0
453,6.0,2017968546,963866460,好吧好吧，让时间去证明这一切吧！,0.0,0.0
301,7.0,1319282475,1826453911,而且更别说他这一对夫妻说的话就是恶心人的，哪怕你诚心道个歉我都觉得OK，你这态度，自己管不了只能别人帮管了，你这发言怕不是跟这对夫妻一个德行,1.0,1.0
312,8.0,3118667588,0,网络膏巢了属于是,1.0,1.0
382,2.0,5964216486,2833130298,终于有不一棒子打死的老哥了，土生土长河南人，买个菜连讨价还价都不敢，结果上个网就因为是河南的就被骂的狗血淋头，我就纳闷了，为啥非要都以偏概全啊，我是真的很难受啊!,0.0,0.0
379,5.0,90529416,0,你砍的过吗？看看视频里有多少人,0.0,0.0
366,0.0,1088911639,-1,北方人是这样的,1.0,2.0
349,9.0,5088185653,2679520335,他这样的低恁儿在孙吧也是挨骂的那种。,1.0,1.0
276,6.0,1140586901,5570684871,这不属于歧视 属于能力方面的问题 真的,0.0,0.0
268,8.0,5607461511,0,搞死小仙女,1.0,1.0
379,0.0,675548068,-1,如果是我家，直接抄刀砍，能砍死几个是几个，吓不死他,1.0,2.0
258,2.0,3134227643,1045963601,还好我不学医,0.0,0.0
375,7.0,2577038210,4159419937,支持，我朋友的姐姐也上这个学校,0.0,0.0
280,5.0,6082370728,0,反串？,0.0,0.0
441,3.0,6425926842,1606971929,没用的five,1.0,1.0
478,1.0,320693878,0,b站，虽然打码了但还挺血腥的…,0.0,0.0
298,2.0,3472631798,0,管不好，但你态度可以好点,0.0,0.0
286,7.0,3540804739,0,正常nm,1.0,1.0
302,2.0,2768366550,125938121,你有能力你就证明一下你能管，而不是在网络敲键盘，回帖的不是一大堆被视频带了节奏？这个视频前面还有一大堆没放出来，人家一路都在哄小孩，你自己被带了节奏就来敲键盘，你至少问下你父母你小时候怎样再来发帖,0.0,0.0
465,6.0,5556763045,2732274301,假的 s12 tes给左手报价2000万 左手没留去jdg了,0.0,0.0
299,4.0,1820506587,17054852,虐待儿童罪，最高可判死刑,0.0,0.0
324,0.0,6306646231,-1,"喜欢
有时，会觉得很简单
如果你的世界能
开出一团小火",0.0,0.0
443,0.0,749782170,-1,他们苦一苦一个月可以拿一个达不溜，你我呢？比他们还苦一个月拿3000，关我屁事,0.0,0.0
395,3.0,891968391,3477717582,你看不懂我说什么吗？再给你解释一下，如果（实际上是大概率）敌人不想占领我们本土而只攻击我们的军事基地，对我们“去军事化”，那么像徐州锦州这种纯交通枢纽又有什么意义呢？你徐州有打击台湾、日本、关岛甚至美国本土的能力吗？值得人家动手吗？,0.0,0.0
384,6.0,2764413669,0,什么叫随便一个标题！人家这标题没有模拟两可，也没夸张事实，人家可是写的事实，可不是随便一个标题,0.0,0.0
439,4.0,2235308725,1606971929,哈哈哈好好好我是带薪喷你的，也不是喷你哥们，你这行为属实小丑,1.0,1.0
332,8.0,6537322018,239833295,他要是油你是儍13行不行,1.0,1.0
392,4.0,5564834475,2491518611,四天前，刚刚更新的微博，说了下美俄的爱国教育问题,0.0,0.0
422,4.0,1264402600,5716839130,纳税就合法了 那就太恐怖了,0.0,0.0
314,4.0,2062741928,0,看不懂就对了，你比仙女还低能,1.0,1.0
488,3.0,1217606341,105019541,你是真正的优秀的一条,0.0,0.0
261,6.0,2937553169,864318944,别回我了晦气玩意儿，这辈子别去医院就完了，在家挺挺这辈子就过去了。,1.0,1.0
484,4.0,37439322,0,我的基佬兄弟告诉我他上次被MTF吓软了,0.0,0.0
255,9.0,1585629685,3518281919,这些项目确实在建，但距离完全建成还要很长时间,0.0,0.0
397,1.0,1843320416,0,还没做i呢,1.0,2.0
381,0.0,2260008545,-1,开放枪支直接击毙这些该死的,1.0,2.0
311,1.0,271160463,0,赔偿？道歉都不用对于那些人来说，不闹大想让他们道歉都不用想，只能说可悲了,0.0,0.0
298,1.0,2902441546,0,蠢货,1.0,1.0
274,4.0,5288519276,4151459407,你是纯闹蛋,1.0,1.0
347,4.0,4623942114,3933981671,这社会上有些人他就是什么都没有，每天就是通过借贷呀，骗钱那敲诈了，讹人钱啦等方式，拿别人的钱啊，你问他要钱呢，他一分没有，他自己也啥，也不是，也一分没有。,0.0,0.0
278,4.0,1815673031,1067128613,是我不小心滑进去的😢,1.0,2.0
350,6.0,2592504072,4706786136,魔怔哥,1.0,1.0
383,3.0,2692686153,250855123,河南鬼爬一边去,1.0,1.0
358,7.0,2574151383,877055178,我的冠道和凌派两部车都是不关车门会自动双闪，车内灯也会打开。,0.0,0.0
293,8.0,5440185545,1314490050,在家也有安全隐患的，做饭用刀有可能把自己砍伤，所以楼主想要没有安全隐患直接趋势就是最好的选择,1.0,1.0
474,5.0,4097410377,0,有牛魔名场面呢s8吃一辈子是吧？一共就支棱了s8s9两个赛季，之后是个lpl上单都能单杀的飞舞职业态度不认真，今年进世界赛了想着赢了，一条被僵尸捧上神坛的费🐶别碰瓷飞科了,1.0,1.0
341,2.0,5719650968,0,支持,1.0,2.0
471,1.0,893879299,0,看到后面打训练赛 打的很差，elk直接破防丢耳机 然后跟tabe说 你要来看我们说话啊,0.0,0.0
287,1.0,2721073532,0,咋滴，得给老人家气得心脏病发了才激动是吧,0.0,0.0
469,9.0,5719096342,3282570746,nt是这样的，还喜欢把自己核桃仁大脑拿出来秀。,1.0,1.0
375,5.0,6527758046,0,报的哪里,0.0,0.0
409,4.0,6547150817,0,我一条也没有发因为我不发朋友圈,0.0,0.0
471,5.0,2771983342,0,确实，我之前以为他长得斯斯文文的…,0.0,0.0
437,6.0,1780107077,0,不是为什么你分享的抖音要别人强迫看，限制别人自由？,0.0,0.0
307,0.0,560488440,-1,女强人，一看就是一霸。动作快狠准招招致命专往命根上踢，轻者立马倒地，重者绝种,0.0,0.0
506,2.0,6355203705,0,这已经构成诈骗了吧e,0.0,0.0
352,6.0,2725032597,0,别说钢盔，就是全身板甲都得死,0.0,0.0
491,6.0,941107144,4505190136,小火慢炖，它们自找的。,0.0,0.0
284,5.0,1856055310,5008925132,尼格，为什么不回非洲吃香蕉呢？,1.0,1.0
373,6.0,1588810602,4149116484,你自己的原话：螺蛳粉本来就是臭的。自己说了闹汤话还不让反驳,0.0,0.0
276,4.0,3813675188,1748769840,首先，找劳动监察大队不是打官司，不用立案，执法人员会立刻到现场进行罚款教育。第二，你说的找过劳动监察就找不到工作是你听谁说的？会上黑名单？我们单位有两个之前都找过劳动仲裁现在工作的很好，并没有人歧视,0.0,0.0
270,0.0,1045503522,-1,逆天,1.0,1.0
450,1.0,3499320892,0,发给你母看看，告诉她她基因缺陷，怪不得生出你这么个玩意,1.0,1.0
342,6.0,2417251920,0,会不会编故事，现在一点代入感都没有了,0.0,0.0
300,5.0,4574876982,0,你没听家长说已经捂嘴了也控制不住还要怎样这态度，是说话的这个女的说的太刻薄了，要是我我会一巴掌过去,1.0,1.0
339,7.0,919801440,5663367634,卧槽 弱质竟然会打字,1.0,1.0
439,1.0,1289774849,0,不是哥们 你天天没事情干啊 多少有点bt了,1.0,1.0
485,4.0,2482609082,5030681697,父母看似放弃，实则已经无能为力了，心里难受，我挺为他们感到惋惜。你也是可以按照自己活法来。但你也要承担相应的后果，死的时候不要给父母打电话要医药费就行,1.0,1.0
478,0.0,1945873725,-1,哪里看的,0.0,0.0
390,3.0,964392848,3521722459,你怕是活不到2027年了吧，到时候要不要气得切腹,1.0,1.0
320,2.0,708265438,65116277,这tm是逆行+骂人，活该,1.0,1.0
427,2.0,3486766294,6387020763,真是睿智,1.0,1.0
375,0.0,4828454943,0,考山财吧,0.0,0.0
376,1.0,2508289718,0,⏩到女孩他爹苦苦寻求帮助无果拿砍刀直接冲进教室爆杀,1.0,2.0
427,6.0,2497414409,6387020763,自己去查清楚，高中生离男足还是有一定差距的,0.0,0.0
492,1.0,755010369,0,按他们说的 问就是个催，你有罪,0.0,0.0
451,6.0,2283609490,0,过的太苦，不知道什么是人过的日子了？哎……,0.0,0.0
387,7.0,1541898206,0,她是懂绝杀的,0.0,0.0
276,2.0,4488293250,1748769840,我们这环卫工一千多一个月，几万得好几年了,0.0,0.0
257,4.0,5027968250,2092152596,真把厕所当老家啦,1.0,1.0
348,2.0,2031553450,4881956907,不是碰瓷？不是碰瓷老人干麻不报警。,0.0,0.0
313,2.0,3108921589,0,对，这才是对社会最有帮助的做法，不然光自尽那他跟跪男没什么区别了,1.0,2.0
431,4.0,2775209417,0,什去鬼，那她们也不要看得上的人的彩礼啊，有问题吗,0.0,0.0
436,3.0,4497409434,0,你先谈着呗，不以结婚为目的的谈恋爱都是耍流氓，告诉她先以结婚为目的谈一段时间，她感觉不合适自然就分了，至于你的感受,0.0,0.0
502,4.0,4994112645,1670167156,急急急，急急如律令，被我戳破咯，你是真破防了啊，好哥哥莫要拉黑我,1.0,1.0
425,10.0,29973334,137296059,确实没见过,0.0,0.0
263,1.0,2812995242,0,装片子的袋子又不只有片子，里面还有诊断结果，在说了现在都是自助打印片子，打片子的时候机器会一直语音提示稍后打印诊断结果，,0.0,0.0
420,0.0,6102784169,0,总算让你找到发这张图的机会了,0.0,0.0
361,1.0,2449216635,0,你脑子有泡吧？,1.0,1.0
320,3.0,65116277,708265438,前面的视频有吗？变道超个车谁没干过？最烦出租车，平时道路就像他家的，现在下车来装大尾巴狼，艹！,1.0,2.0
422,5.0,6392573947,0,是这样的,1.0,2.0
348,1.0,785156368,0,你是没见过碰瓷的吧，你以为真就一个人躺地上就把瓷碰了？一般都是三五个人组个队，有碰瓷的，有打电话的，有拉偏架的，还有放风带人群节奏的。这女的明显是同伙。,0.0,0.0
281,5.0,6522846680,0,山里有野人看到女的就是一顿干,1.0,2.0
255,8.0,1585629685,1570150232,或许是我表达能力有问题,0.0,0.0
290,6.0,816759585,4889885296,哈哈哈哈哈哈哪来的劣等垃圾不学无术游手好闲的蛆虫赶紧衮远点你还不够资格跟我说话,1.0,1.0
325,2.0,2934028171,3371032562,不如当我的性偶,1.0,2.0
299,3.0,1820506587,17054852,那可以报警了,0.0,0.0
412,3.0,4389606160,1137339124,这又开始**了？？？能不能回你微博上去，不要开地图炮,1.0,2.0
271,1.0,246298873,0,究竟叫人家上高速还是下高速呀？,0.0,0.0
354,3.0,1649838819,0,带不带头盔也是被砸成一坨肉酱,0.0,0.0
256,2.0,3541113633,0,这图不是发过了莫非是伊耶那美,0.0,0.0
331,4.0,1494489166,0,就是水 你看洒在地上的是什么 还有一个正常人会用油去灭火吗？,0.0,0.0
485,1.0,779585497,0,身体发肤，受之父母，真的恶心，我支持你,1.0,2.0
440,5.0,1221252616,1606971929,dinner，你跟你的幻想过去吧，你看见她出去浪了？就不能真工作劳累不想回你？给她点私人空间吧，搁这贩🗡️恶心谁呢？居然还相信算命的，不愧是高考450的水平,1.0,1.0
393,1.0,1072544002,0,你呢？什么货色？,1.0,1.0
444,7.0,5700088631,5504924028,他发了张城市照片，我评价的不就是他这张图的城建？因果关系还没搞懂先急着参战是吧？,1.0,1.0
353,1.0,2223425179,0,别人都靠右走，就他靠左,0.0,0.0
408,3.0,4313315671,0,这就得细心观察她，或者跟她一块玩得朋友入手，跟她盆友聊天她自然就加入了,0.0,0.0
451,1.0,332116457,0,星期六星期日加班可以加12小时以上啊,0.0,0.0
492,5.0,1679183391,481835850,发癫了?,1.0,1.0
320,5.0,708265438,65116277,动不动个人上升群体搅混水，你继续这么开车这辈子四个菜肯定是吃不起,1.0,1.0
500,7.0,4341858113,4994112645,我学医你能换个人咬吗，猴孙,1.0,1.0
337,1.0,3887418784,0,应该是讹人才骂人的,0.0,0.0
369,0.0,5684252758,-1,所以为什么不能去换个华为平板呢,0.0,0.0
274,7.0,4138877943,4151459407,说一次就够了 哪有一直追着人家喊爆金币的,0.0,0.0
479,2.0,3920053085,0,轮到word了,1.0,2.0
371,3.0,2192590132,5097187987,不像泥亩在华强北耳机了，花点小钱谁都能用 什么公交车,1.0,1.0
339,6.0,5663367634,919801440,你的意思缺根筋就不像你这么弱质了吗,1.0,1.0
439,3.0,1606971929,2235308725,你不闲你来喷你爹,1.0,1.0
465,1.0,2732274301,0,小奶油打的没问题的话，不会主动踢的，而且左手很难回滔搏了，听说是资方不想要他,0.0,0.0
313,1.0,127900205,0,个人感觉是学女的玉玉症，女的弄人可以，但你敢反抗骂她，就玉玉症要自杀了。,1.0,1.0
384,2.0,1386198305,0,不看新闻的呀？理中客也不能明目张胆弱智,1.0,1.0
309,5.0,2793178196,719738480,小心玉玉,0.0,0.0
451,7.0,1902872233,0,之前在食品厂做管培生，见过有些人真能加熬，上完12小时夜班，白天有包装纸箱到货了又跑过来卸货,0.0,0.0
356,2.0,6478049927,0,那你把评论删了，省的惹事，刷什么存在感,0.0,0.0
345,3.0,1579168964,1882004519,dinner？我8-20报道的,1.0,1.0
282,4.0,1487773947,1474743110,是吧，看来你是懂得,0.0,0.0
256,1.0,5167194060,1596201780,恰v,0.0,0.0
417,1.0,6546564106,0,九十年的日本特别军事行动，你不现在也记得,0.0,0.0
307,4.0,2194202780,31756332,什么街头霸王,0.0,0.0
398,4.0,2240341979,1843320416,太真实了,0.0,0.0
285,3.0,2798186732,2096837540,一看你就没卖过菜,0.0,0.0
369,2.0,2192073119,0,令人发指的晚餐,1.0,1.0
402,2.0,2463324602,0,什么🐢男，自我感动？丑完了给你,1.0,1.0
299,5.0,17054852,1820506587,小孩不管教，她只会遵从“生物本能”行事，会越无法无天的。,0.0,0.0
351,10.0,1680590175,0,让时间和历史给出答案吧,0.0,0.0
429,4.0,2462003263,0,v50证明实力,0.0,0.0
441,0.0,3057409698,-1,闹谈一个,1.0,1.0
293,1.0,6025379486,0,什么叫安全隐患你去走下楼梯就知道了设计的就是这样问题只会一直存在除非有别的东西来改变现状，这种就是没脑子的小孩活该,1.0,1.0
347,1.0,6463431565,0,这已经疯了，自己老婆在前面就开车乱撞,0.0,0.0
417,7.0,1297490224,6546564106,拿这个类比，没脑吗,1.0,1.0
463,8.0,6537513800,3491892952,不能这么说啊滔博在lpl流量队打好了身价就来了，有利有弊,0.0,0.0
267,2.0,6369131968,0,日常恐女,1.0,2.0
463,10.0,1331706750,1418114308,这点钱能买回左手吗 就算左手降薪也不可能打骨折降啊,0.0,0.0
358,0.0,836772311,-1,都这么绝望了！还不忘开双闪！唉一路走好！,0.0,0.0
389,2.0,3919890685,0,这么低级的挑拨钓鱼贴你也信吗？,0.0,0.0
425,2.0,1755297480,29973334,跳跃过程中重心轨迹符合物理规则，只是体态改变+拉伸镜头，产生了踏水的视觉效果。,0.0,0.0
263,0.0,1502385639,-1,医生有电脑，所以就不用告诉病人家属病情？什么逻辑？没听大哥说一句话没讲直接开药么？都是避重就轻，张口就来是吧,0.0,0.0
437,3.0,2444811370,0,真是敏感多疑又自卑，劝楼主看开点，好与坏都顺其自然点,0.0,0.0
292,6.0,6002906451,0,这个b比艾顿还软,1.0,1.0
404,2.0,5301411208,3537550458,确实支持✊,1.0,1.0
308,1.0,4144700675,0,这个斤两的能卖不少，可得抓回去好好炮制炮制,1.0,1.0
266,2.0,6364062783,0,毕竟上海外乡口音都听不惯,1.0,1.0
458,7.0,3900103878,4569884010,我也觉得好复杂，各种花里胡哨的，第一次网购的时候我还找客服问了半天问题，人最后都被我骚扰得不耐烦了即使是现在我还是有很多不懂的,0.0,0.0
378,0.0,1405243708,-1,河南人怎么这么坏啊,1.0,2.0
468,5.0,927140543,2461205728,你这种鬼屋收收味,1.0,1.0
385,0.0,2745875519,-1,你应该去航吧问，都玩口吧了生活能有多顺利,1.0,2.0
390,4.0,3521722459,964392848,山猴子就这德行？你怕是活不过年底，去阴曹地府吹穷庆的ppt吧！,1.0,1.0
411,5.0,2767837090,0,没脑子,1.0,1.0
357,10.0,1067568118,2812928057,这东西要判刑的，卖个早点你冒这么大风险吗？,0.0,0.0
433,3.0,6530564413,0,整天在这里破防破防，跟小时候被骂的嘴笨的孩子只会念叨反弹一样 语言能力贫瘠的小学语文老师看得也得破防，凑字数都凑不出长篇大论，见识浅薄到不会任何引经据典，稍微有点儿长难的表达只能汇聚成一句“破防”。花生米大小的恼子也就这点词汇量了,1.0,1.0
390,0.0,3521722459,-1,重庆ppt赢麻了,0.0,0.0
